size	max_diss	av_diss	diameter	separation	medoid	medoid_i
16	2.726219812151182	1.785152545737523	2.9110409524126433	1.69738804918201	horde.LEMMAPATHweight.PPMIno.LENGTH5000.SOCPOSnav	1
34	2.8716652300433783	1.9794873237116883	3.3362141131080376	1.6123531394617794	horde.LEMMAREL2.PPMIselection.LENGTH5000.SOCPOSall	2
28	2.9418169386044917	2.1220232938352086	3.3738066445002137	1.2512411955262774	horde.bound5-5all.PPMIselection.LENGTHFOC.SOCPOSall	3
38	2.7294947291229397	2.070231768449718	3.3983296478611074	1.2512411955262774	horde.LEMMAPATH3.PPMIweight.LENGTHFOC.SOCPOSall	4
12	2.9956483142647876	2.142524120834644	3.5422724196094753	2.281148931611929	horde.nobound10-10all.PPMIno.LENGTHFOC.SOCPOSnav	5
44	3.293896371645188	2.1279210687110885	3.676105884159448	1.2675353589110523	horde.bound5-5lex.PPMIselection.LENGTHFOC.SOCPOSall	6
28	2.597332423021119	1.88774812212236	3.351564288089038	1.2675353589110523	horde.bound3-3lex.PPMIweight.LENGTH5000.SOCPOSnav	7
16	2.9512028736742524	1.86625239088368	3.3126051384685695	1.570401992243434	horde.bound3-3all.PPMIno.LENGTH5000.SOCPOSnav	8
