size	max_diss	av_diss	diameter	separation	medoid	avg.width
51	3.2015447556513768	2.1372260420304166	3.659689639757117	1.7963896111126314	horde.BOWbound5lex.PPMIselection.LENGTHFOC.SOCPOSall	0.14310126149919897
25	3.682701177142841	2.3297735008573515	4.0257238020383665	2.120226820238386	horde.BOWbound5lex.PPMIweight.LENGTH5000.SOCPOSall	0.15687822241600977
23	2.6919174240555432	2.0132415946912188	3.287220798220498	1.6587331527513332	horde.BOWbound5all.PPMIweight.LENGTHFOC.SOCPOSall	0.18843224043457865
34	3.462634675143148	2.3414757549294176	3.811257157435746	0.9617904212659975	horde.BOWbound5all.PPMIselection.LENGTHFOC.SOCPOSall	0.04552089226164746
11	3.379876297913812	2.3654067117438653	4.036356113837424	2.2785608178182395	horde.BOWnobound10all.PPMIno.LENGTHFOC.SOCPOSall	0.15426824214595444
19	3.1287262060863497	2.339313872091064	3.539723251624504	1.8081825927249353	horde.LEMMAREL3.PPMIselection.LENGTH5000.SOCPOSall	0.09979527906928941
24	3.226515489650066	2.1153190007942304	3.7637942978795067	0.9617904212659975	horde.LEMMAPATHweight.PPMIno.LENGTHFOC.SOCPOSnav	0.0872526251275496
25	2.869360494562487	1.952403074435394	3.3662897941043965	1.4334856849203514	horde.LEMMAREL2.PPMIselection.LENGTHFOC.SOCPOSall	0.1916812053045247
