size	max_diss	av_diss	diameter	separation	medoid	medoid_i
20	2.6179050866901563	1.8297857255291003	3.199184862652676	1.4290078110011233	horde.LEMMAPATHweight.PPMIno.LENGTHFOC.SOCPOSnav	1
30	2.4231337949489653	1.8509920711075103	3.0686805626468567	1.18854772789454	horde.LEMMAREL2.PPMIselection.LENGTH5000.SOCPOSall	2
36	2.825941648490335	2.0981625186045685	3.6021015443466813	1.18854772789454	horde.LEMMAPATHweight.PPMIweight.LENGTHFOC.SOCPOSall	3
29	2.9423306828274627	2.12199143230771	3.3635186670881945	0.9961518665673684	horde.bound5-5all.PPMIselection.LENGTHFOC.SOCPOSall	4
12	2.991470397654425	2.1395210554076525	3.5530268711176434	2.2798632825987095	horde.nobound10-10all.PPMIno.LENGTHFOC.SOCPOSnav	5
44	3.2932390397297016	2.120253063619783	3.669686595290423	1.2803389442999016	horde.bound5-5lex.PPMIselection.LENGTHFOC.SOCPOSall	6
29	2.623902099310774	1.9130718896937495	3.2888915784173385	0.9961518665673684	horde.bound3-3lex.PPMIweight.LENGTH5000.SOCPOSnav	7
16	2.9417860058111134	1.8742490061775552	3.3126051384685695	1.572604728466244	horde.bound3-3all.PPMIno.LENGTH5000.SOCPOSnav	8
