size	max_diss	av_diss	diameter	separation	medoid	avg.width
33	3.20183130294766	2.112767596708726	3.659071601462131	1.509529586026509	horde.BOWbound5lex.PPMIselection.LENGTHFOC.SOCPOSall	0.0564630308674533
26	3.625163407590349	2.3887223420350328	4.043446278392616	1.6460023171794769	horde.BOWbound3lex.PPMIselection.LENGTH5000.SOCPOSall	0.0999590729027867
24	3.1446531642836697	2.0955129560995913	3.5107654041608094	1.7956227441269679	horde.BOWbound5all.PPMIweight.LENGTHFOC.SOCPOSall	0.11887314414308099
36	3.462391488240293	2.39259427371063	3.811257157435746	1.9779771333994558	horde.BOWbound5all.PPMIselection.LENGTHFOC.SOCPOSall	0.09319045645546084
11	3.3800532390129137	2.3655041064880837	4.036356113837424	2.279556605511623	horde.BOWnobound10all.PPMIno.LENGTHFOC.SOCPOSall	0.14793743050279426
18	2.5004949528195297	1.5589612697197182	2.868337866082265	1.509529586026509	horde.BOWbound3lex.PPMIselection.LENGTHFOC.SOCPOSall	0.29540627169193606
28	3.367250965035872	2.1778064268603905	3.892945996555574	1.655095811182524	horde.LEMMAPATHweight.PPMIselection.LENGTHFOC.SOCPOSall	0.10188193049826956
36	3.1174140820269245	2.173807337454906	3.6153087029954722	1.6460023171794769	horde.LEMMAREL2.PPMIselection.LENGTHFOC.SOCPOSall	0.15077996669391902
