size	max_diss	av_diss	diameter	separation	medoid	avg.width
28	2.861286560178469	2.2403260036535495	3.476629920976078	1.2389911903408601	hoopvol.BOWbound10all.PPMIweight.LENGTHFOC.SOCPOSall	0.07789905324850989
29	3.1892061636897706	2.40805107264914	3.7156363122886513	1.2389911903408601	hoopvol.BOWbound3lex.PPMIselection.LENGTH5000.SOCPOSall	0.08732715499406535
23	2.717066476300071	2.0246208651733975	3.2095969514197775	1.6791820093464118	hoopvol.BOWbound5lex.PPMIselection.LENGTHFOC.SOCPOSall	0.13193426697210112
12	3.659652802107398	2.3616939068020524	3.939709420494555	1.6791820093464118	hoopvol.BOWnobound10lex.PPMIno.LENGTHFOC.SOCPOSall	0.1004229976814029
38	3.5208786424772667	2.538856555383111	3.90579619766085	1.4336783734183367	hoopvol.BOWbound5all.PPMIselection.LENGTHFOC.SOCPOSall	0.06489104910827273
22	2.6150892867924442	1.8669108273770887	3.2749049305084097	1.4336783734183367	hoopvol.BOWbound3lex.PPMIselection.LENGTHFOC.SOCPOSall	0.17230228240785825
24	3.016295237284981	2.2069602163763347	3.7599513416312726	2.0191405279830192	hoopvol.LEMMAPATHweight.PPMIno.LENGTHFOC.SOCPOSall	0.15366283002277772
24	2.795858675872311	1.963528545593545	3.12600497141077	2.842205323573074	hoopvol.LEMMAREL2.PPMIselection.LENGTHFOC.SOCPOSall	0.3276567901645029
