size	max_diss	av_diss	diameter	separation	medoid	medoid_i
33	2.942551809428979	2.048646399727948	3.46952909003661	0.9762653853382178	hoopvol.LEMMAPATHweight.PPMIselection.LENGTHFOC.SOCPOSall	1
26	2.786148665307839	1.9678139619350452	3.056209239589506	0.9198810610255193	hoopvol.bound5-5all.PPMIweight.LENGTH5000.SOCPOSall	2
24	2.378162644884342	1.6192329525340992	2.6074503461993315	2.755871274082891	hoopvol.LEMMAREL1.PPMIselection.LENGTH5000.SOCPOSall	3
28	3.168640494937926	2.305246303842825	3.4530339266065413	2.0256663799072814	hoopvol.bound5-5all.PPMIselection.LENGTH5000.SOCPOSall	4
15	2.973861270424575	2.2181898642215176	3.5957904808417673	0.9500059994573152	hoopvol.nobound10-10lex.PPMIno.LENGTHFOC.SOCPOSall	5
34	2.8099099042928763	2.03412315448436	3.2003797937761407	0.9198810610255193	hoopvol.bound5-5lex.PPMIselection.LENGTH5000.SOCPOSnav	6
28	2.739244945137229	1.9559349386056422	3.1759767757990027	1.516225138478893	hoopvol.bound3-3lex.PPMIweight.LENGTHFOC.SOCPOSall	7
16	2.4577747661503295	1.7335354065353488	2.63052177301068	2.0256663799072814	hoopvol.bound3-3all.PPMIselection.LENGTH5000.SOCPOSall	8
