size	max_diss	av_diss	diameter	separation	medoid	medoid_i
29	2.958171962110869	2.0919158600192533	3.45229875625006	1.4371178831240057	hoopvol.LEMMAPATHweight.PPMIselection.LENGTHFOC.SOCPOSall	1
39	2.904755047049767	2.151374858597846	3.20363399465282	1.4371178831240057	hoopvol.bound5-5all.PPMIweight.LENGTH5000.SOCPOSnav	2
24	2.378162644884342	1.6192329525340992	2.6074503461993315	2.755871274082891	hoopvol.LEMMAREL1.PPMIselection.LENGTH5000.SOCPOSall	3
14	2.969821400859526	2.2991883085407623	3.6223785710997145	1.2266937730203262	hoopvol.nobound10-10all.PPMIno.LENGTHFOC.SOCPOSnav	4
22	2.87098970817406	2.0980507097658316	3.3510173540951897	1.2266937730203262	hoopvol.bound5-5all.PPMIselection.LENGTH5000.SOCPOSall	5
28	2.818936149124862	2.189168419098605	3.4777533800972833	1.4712404983083638	hoopvol.bound10-10lex.PPMIselection.LENGTHFOC.SOCPOSall	6
16	2.4577747661503295	1.7335354065353488	2.63052177301068	2.0256663799072814	hoopvol.bound3-3all.PPMIselection.LENGTH5000.SOCPOSall	7
32	2.8951318019406367	1.9539069223484704	3.3716143079358525	1.4712404983083638	hoopvol.bound3-3lex.PPMIselection.LENGTH5000.SOCPOSnav	8
