size	max_diss	av_diss	diameter	separation	medoid	avg.width
33	3.881341117185611	2.53600658361497	4.087608523892868	2.0247403126875008	hoop.BOWbound5lex.PPMIselection.LENGTHFOC.SOCPOSall	0.08651617580255853
18	4.05297570688422	2.4666657421993468	4.113722905033447	2.6154999390956184	hoop.BOWbound3lex.PPMIselection.LENGTH5000.SOCPOSall	0.1653032406832487
23	3.9198987015560425	2.8256673767443647	4.444494598709458	1.8683884719597803	hoop.BOWbound10all.PPMIno.LENGTHFOC.SOCPOSnav	0.08041908387218237
29	3.373008492722656	2.3735452829004546	3.9110320270799406	1.3009455650282102	hoop.BOWbound5all.PPMIweight.LENGTHFOC.SOCPOSall	0.1472226809010128
28	3.878009805120434	2.5190749782875557	4.19499396996056	1.8683884719597803	hoop.BOWbound3all.PPMIselection.LENGTH5000.SOCPOSnav	0.12533424117320127
18	2.7595803653613102	1.8698561681119779	3.2831952939320046	2.0247403126875008	hoop.BOWbound3lex.PPMIselection.LENGTHFOC.SOCPOSall	0.31269482875276616
40	3.2092770780499276	2.3058951315875893	3.6709597517553787	1.8441155938846923	hoop.LEMMAREL2.PPMIselection.LENGTH5000.SOCPOSnav	0.20824537345778996
23	3.3245264357399518	2.3112360957525744	4.101242960293129	1.3009455650282102	hoop.LEMMAPATHweight.PPMIno.LENGTHFOC.SOCPOSall	0.1711482624337556
