size	max_diss	av_diss	diameter	separation	medoid	avg.width
33	3.8823223616226	2.536451347082772	4.087638687145076	2.0241837206780042	hoop.BOWbound5lex.PPMIselection.LENGTHFOC.SOCPOSall	0.08806471529570171
18	4.063935562769489	2.4745875485615465	4.11467832474405	2.615310900097466	hoop.BOWbound3lex.PPMIselection.LENGTH5000.SOCPOSall	0.16493044460467013
27	3.9370624643641383	2.928414842399375	4.474208574675709	2.1385140432465337	hoop.BOWbound10all.PPMIno.LENGTHFOC.SOCPOSnav	0.06431098553513777
27	3.4567658635763703	2.412224760010749	3.9901861953636826	1.8557271028386961	hoop.BOWbound5all.PPMIweight.LENGTH5000.SOCPOSnav	0.12578097324221696
24	3.5042537967551586	2.2455368032938163	3.964798640562602	2.0036257605693155	hoop.BOWbound3all.PPMIselection.LENGTHFOC.SOCPOSall	0.18317415863185782
18	2.7616411041794264	1.8699244470546472	3.285143047816817	2.0241837206780042	hoop.BOWbound3lex.PPMIselection.LENGTHFOC.SOCPOSall	0.3127438666521836
29	3.643002192981615	2.335549713206636	4.105328776059579	1.8557271028386961	hoop.LEMMAPATHweight.PPMIselection.LENGTHFOC.SOCPOSall	0.1238878449556807
36	3.019885064259209	2.2414418102541296	3.581490823555484	2.152989803737862	hoop.LEMMAREL2.PPMIselection.LENGTH5000.SOCPOSnav	0.22816198980761296
