size	max_diss	av_diss	diameter	separation	medoid	medoid_i
24	2.936756676494391	2.0138344028658604	3.2916620385614035	2.198078067269284	hoop.LEMMAPATH3.PPMIselection.LENGTH5000.SOCPOSall	1
36	3.205978613731263	2.265983568451185	3.597559321390459	2.198078067269284	hoop.bound5-5all.PPMIweight.LENGTH5000.SOCPOSall	2
36	2.8100772779377836	2.001727719579748	3.1717310820141216	2.25135207085178	hoop.LEMMAREL2.PPMIselection.LENGTH5000.SOCPOSall	3
28	3.425794307212466	2.45251308262315	3.704646962102856	2.373910564517798	hoop.bound5-5all.PPMIselection.LENGTH5000.SOCPOSall	4
16	3.364548001702951	2.5051926848703427	4.177559314192825	2.219961363438909	hoop.nobound10-10lex.PPMIno.LENGTHFOC.SOCPOSall	5
30	3.286209003099143	2.1403741238762035	3.6214640149662833	1.5669711382141274	hoop.bound3-3lex.PPMIselection.LENGTH5000.SOCPOSnav	6
30	3.2146055289111417	2.276132408583359	3.6738583627538466	1.5669711382141274	hoop.bound5-5lex.PPMIweight.LENGTHFOC.SOCPOSall	7
16	2.390156994735286	1.7113045440431902	2.618569319542283	2.3023288485026203	hoop.bound3-3all.PPMIselection.LENGTH5000.SOCPOSall	8
