size	max_diss	av_diss	diameter	separation	medoid	avg.width
30	3.2217987954953418	2.2676633091084635	3.697584546824868	1.164885977760428	huldigen.BOWbound5lex.PPMIweight.LENGTH5000.SOCPOSall	0.03171158070950663
36	3.168719840401707	2.1442256061276126	3.590627612726368	1.52289677365889	huldigen.BOWbound5lex.PPMIselection.LENGTHFOC.SOCPOSall	0.09423022448034556
22	2.7265925483409137	2.0092454294384443	3.3463897066174586	1.5844186401375466	huldigen.LEMMAPATHweight.PPMIweight.LENGTHFOC.SOCPOSall	0.16176034832501768
37	3.0793052100526603	2.3205133581382644	3.6758641955492535	1.7386716577038503	huldigen.LEMMAPATHweight.PPMIselection.LENGTHFOC.SOCPOSall	0.07025554948865227
23	3.2139464463113447	2.4555606784421973	3.665485283386446	1.4662104535049232	huldigen.BOWnobound5all.PPMIno.LENGTHFOC.SOCPOSall	0.07234110842117837
20	2.8581668291648517	2.1358215617501353	3.404643673345121	1.3777030540640958	huldigen.BOWbound3all.PPMIselection.LENGTHFOC.SOCPOSall	0.13440860170629057
24	2.581101266561928	1.8147086401775783	3.299700456736342	1.164885977760428	huldigen.BOWnobound3lex.PPMIselection.LENGTHFOC.SOCPOSall	0.21938778898637432
12	2.7036137024505105	1.9794014163244107	3.323184321016922	1.8837691017080844	huldigen.LEMMAREL1.PPMIselection.LENGTHFOC.SOCPOSall	0.21062146783526603
