size	max_diss	av_diss	diameter	separation	medoid	avg.width
25	2.877704217348938	2.234177852771425	3.6019106414859734	1.1798668664423313	huldigen.BOWbound10all.PPMIweight.LENGTH5000.SOCPOSnav	0.028580956146863064
36	3.156516002419073	2.10819385103333	3.533549828927172	1.5402046571447057	huldigen.BOWbound5lex.PPMIselection.LENGTHFOC.SOCPOSall	0.09176159939732735
20	3.2484332303763956	2.0690845205664177	3.697584546824868	1.166532867186432	huldigen.BOWbound3lex.PPMIselection.LENGTH5000.SOCPOSall	0.09932570473965255
23	3.185760578386235	2.325043046647608	3.6322965993617777	2.006431980540943	huldigen.BOWbound5all.PPMIselection.LENGTHFOC.SOCPOSall	0.09841532631919345
27	3.419625872987639	2.3540459040861315	3.7624108692847504	1.938196192187184	huldigen.LEMMAPATHweight.PPMIno.LENGTHFOC.SOCPOSall	0.09439597572656727
21	2.5562197560227955	1.7210096549749636	3.112732497442062	1.166532867186432	huldigen.BOWnobound3lex.PPMIselection.LENGTHFOC.SOCPOSall	0.24385003977613645
17	2.8140708997642676	2.057541459595344	3.348352640972731	1.3788921171789417	huldigen.BOWbound3all.PPMIselection.LENGTHFOC.SOCPOSall	0.17048110503379815
31	3.0938519135659788	2.364809976171438	3.6959806362899115	1.5982901010473476	huldigen.LEMMAREL2.PPMIselection.LENGTHFOC.SOCPOSall	0.11176824706817083
