size	max_diss	av_diss	diameter	separation	medoid	medoid_i
28	2.868532538000614	2.046139992486404	3.416159852813888	1.4203270733713398	huldigen.LEMMAPATHweight.PPMIselection.LENGTH5000.SOCPOSall	1
24	2.598403157145514	1.812797040270212	3.18459884783454	1.088763072525391	huldigen.LEMMAPATHweight.PPMIweight.LENGTH5000.SOCPOSall	2
20	2.700023486122599	2.0647900652668576	3.2168400897608307	1.7236279617619823	huldigen.LEMMAREL1.PPMIselection.LENGTH5000.SOCPOSall	3
21	2.9282993973046723	2.0937973394990097	3.350683271293686	1.1893033928546777	huldigen.bound5-5all.PPMIno.LENGTHFOC.SOCPOSall	4
39	2.6307505863915184	1.989349503454129	3.229930316310287	1.088763072525391	huldigen.bound5-5lex.PPMIweight.LENGTHFOC.SOCPOSall	5
17	2.834390095113916	2.07743937519059	3.3581485002906293	1.6176485750191216	huldigen.nobound10-10lex.PPMIno.LENGTHFOC.SOCPOSall	6
37	2.6416034916187257	1.852962944799614	3.369374111856174	1.108567041003584	huldigen.bound3-3lex.PPMIselection.LENGTH5000.SOCPOSall	7
18	2.5639669374619527	1.8845227395063913	3.107352039085909	1.1893033928546777	huldigen.bound3-3all.PPMIselection.LENGTH5000.SOCPOSall	8
