size	max_diss	av_diss	diameter	separation	medoid	medoid_i
28	2.868532538000614	2.067602035941597	3.416159852813888	1.4203270733713398	huldigen.LEMMAPATH3.PPMIselection.LENGTH5000.SOCPOSall	1
25	2.598403157145514	1.8304985613998488	3.18459884783454	1.2076208679120792	huldigen.LEMMAPATHweight.PPMIweight.LENGTH5000.SOCPOSall	2
20	2.704256248865423	2.065396465194405	3.2160337286477043	1.7165595299775864	huldigen.LEMMAREL1.PPMIselection.LENGTH5000.SOCPOSall	3
21	2.9282993973046723	2.0937973394990097	3.350683271293686	1.1893033928546777	huldigen.bound5-5all.PPMIno.LENGTHFOC.SOCPOSall	4
38	2.5806620407373897	1.9916577050219875	3.227034105490421	0.9133434536265888	huldigen.bound5-5lex.PPMIweight.LENGTHFOC.SOCPOSnav	5
17	2.834390095113916	2.067922278695038	3.3577175951671476	1.6176485750191216	huldigen.nobound10-10lex.PPMIno.LENGTHFOC.SOCPOSall	6
37	2.5949983293538117	1.848136109399615	3.3363791808043533	0.9133434536265888	huldigen.bound3-3lex.PPMIselection.LENGTH5000.SOCPOSall	7
18	2.5639669374619527	1.884490305893583	3.107352039085909	1.1893033928546777	huldigen.bound3-3all.PPMIselection.LENGTH5000.SOCPOSall	8
