size	max_diss	av_diss	diameter	separation	medoid	medoid_i
28	2.4597494005503875	1.7306578856572905	3.0680735345378447	1.4784457283725103	heilzaam.LEMMAPATHweight.PPMIselection.LENGTHFOC.SOCPOSall	1
28	2.532714383155253	1.7227768478164138	3.013020351314537	1.6608633326196778	heilzaam.LEMMAREL1.PPMIselection.LENGTH5000.SOCPOSnav	2
32	2.341313316622385	1.7998998279629284	2.807941551581342	1.310264421889919	heilzaam.bound5-5all.PPMIweight.LENGTH5000.SOCPOSnav	3
17	3.051798129587426	2.1651961617939364	3.3695247845677043	0.8654956779940577	heilzaam.nobound10-10all.PPMIno.LENGTHFOC.SOCPOSnav	4
20	2.528156673698587	1.8244845000016336	3.066857984873644	1.7436133281888289	heilzaam.bound5-5all.PPMIselection.LENGTH5000.SOCPOSnav	5
35	3.0274938223829024	1.948539944591508	3.39315395594166	0.8654956779940577	heilzaam.bound5-5lex.PPMIselection.LENGTHFOC.SOCPOSall	6
16	1.9063978635453795	1.2967454979938469	2.057782125719068	2.109424092725076	heilzaam.bound3-3all.PPMIselection.LENGTH5000.SOCPOSnav	7
28	2.1136906474943835	1.516493695512743	2.711441475512649	1.613138512833174	heilzaam.nobound3-3lex.PPMIselection.LENGTHFOC.SOCPOSall	8
