size	max_diss	av_diss	diameter	separation	medoid	avg.width
19	2.7817270567711567	1.6771283237552463	3.17398603819354	0.8533363220190787	heilzaam.BOWbound10all.PPMIweight.LENGTHFOC.SOCPOSall	0.23511367243454326
23	3.359889310576609	2.2224365527490857	3.7154930342628916	1.1652263206225146	heilzaam.BOWbound5lex.PPMIweight.LENGTH5000.SOCPOSall	0.08148874573725917
30	3.249451376567275	1.976706769802319	3.4568476740994414	1.3078794052490552	heilzaam.BOWbound5lex.PPMIselection.LENGTHFOC.SOCPOSall	0.09712910673013501
28	3.217167779411156	2.322592363131769	3.7716978150509046	0.8533363220190787	heilzaam.BOWbound5all.PPMIno.LENGTHFOC.SOCPOSnav	0.088642583653577
31	3.595104749685299	2.164558002373654	4.202558169645801	1.1652263206225146	heilzaam.LEMMAREL1.PPMIselection.LENGTH5000.SOCPOSnav	0.09782605191331468
26	2.484068653920507	1.6020852956495142	2.9688665845496893	1.3325830846843547	heilzaam.BOWbound3lex.PPMIselection.LENGTHFOC.SOCPOSall	0.2834355761435938
16	2.937928054137726	1.574466566693445	2.9758713714365648	2.0570653598219626	heilzaam.BOWbound3all.PPMIselection.LENGTHFOC.SOCPOSall	0.3065305260856893
27	3.025661213857637	1.951924926673692	3.434578635689746	1.6922292499170963	heilzaam.LEMMAPATHweight.PPMIselection.LENGTHFOC.SOCPOSall	0.15166437179796255
