size	max_diss	av_diss	diameter	separation	medoid	avg.width
30	2.869383489826781	2.0625600137143683	3.286106381823932	1.3081321944654845	heilzaam.BOWbound5all.PPMIweight.LENGTH5000.SOCPOSnav	0.10765309598301732
35	3.162560902557997	2.0601077872950735	3.5009941364968014	1.3081321944654845	heilzaam.BOWbound5lex.PPMIselection.LENGTHFOC.SOCPOSall	0.1042164918143791
26	3.563575888864098	2.0058340684651026	3.7931179835591786	2.399288720390151	heilzaam.LEMMAREL1.PPMIselection.LENGTHFOC.SOCPOSall	0.21167519897969356
20	3.367519835012653	2.027865382784458	3.638108639683483	1.7437570205274806	heilzaam.BOWbound5all.PPMIselection.LENGTHFOC.SOCPOSall	0.1366645565456075
15	3.432556466111319	2.3295971628877603	3.9453175340600715	1.7437570205274806	heilzaam.BOWnobound10all.PPMIno.LENGTHFOC.SOCPOSnav	0.08797673336538357
28	2.790111452433578	1.7003652233505746	3.1151553579702895	1.6876413139583515	heilzaam.BOWbound3lex.PPMIselection.LENGTHFOC.SOCPOSall	0.2665416927181475
16	2.94021251507017	1.5753853800478923	2.9764502273066493	2.0560464977666206	heilzaam.BOWbound3all.PPMIselection.LENGTHFOC.SOCPOSall	0.3161938766680583
30	3.1405822863779713	1.9436749821903685	3.533342759684634	1.5732410781759674	heilzaam.LEMMAPATHweight.PPMIselection.LENGTHFOC.SOCPOSnav	0.15045398057966466
