size	max_diss	av_diss	diameter	separation	medoid	medoid_i
28	2.4597494005503875	1.7616836227845893	3.0686400356869195	1.479348351344716	heilzaam.LEMMAPATHweight.PPMIselection.LENGTHFOC.SOCPOSall	1
28	2.5615365839135267	1.718183860561411	2.9731343434224566	1.7154655786619986	heilzaam.LEMMAREL1.PPMIselection.LENGTH5000.SOCPOSnav	2
32	2.341313316622385	1.799848879537035	2.807941551581342	1.3089572992503111	heilzaam.bound5-5all.PPMIweight.LENGTH5000.SOCPOSnav	3
17	3.050743498695301	2.1651795833435914	3.369312744236406	0.8691786383259473	heilzaam.nobound10-10all.PPMIno.LENGTHFOC.SOCPOSnav	4
20	2.528156673698587	1.8245364357776936	3.066857984873644	1.743589328028914	heilzaam.bound5-5all.PPMIselection.LENGTH5000.SOCPOSnav	5
35	3.026384307080577	1.947094831766226	3.3928979346856134	0.8691786383259473	heilzaam.bound5-5lex.PPMIselection.LENGTHFOC.SOCPOSall	6
16	1.9063978635453795	1.2967155989584334	2.058302423711323	2.109424092725076	heilzaam.bound3-3all.PPMIselection.LENGTH5000.SOCPOSnav	7
28	2.1099893642080327	1.5156167736117079	2.692536413305383	1.6110815259219036	heilzaam.nobound3-3lex.PPMIselection.LENGTHFOC.SOCPOSall	8
