size	max_diss	av_diss	diameter	separation	medoid	medoid_i
42	2.621081122947599	1.9401392408583957	3.1390846151288296	1.2759347016073272	spot.LEMMAREL2.PPMIselection.LENGTH5000.SOCPOSnav	1
26	2.72582580852999	1.8416817508779262	3.163329069632031	1.2759347016073272	spot.LEMMAPATHweight.PPMIselection.LENGTHFOC.SOCPOSall	2
32	2.7078241347565224	1.8538497529445859	3.0816083093455218	0.6227340656818333	spot.bound5-5all.PPMIweight.LENGTH5000.SOCPOSnav	3
24	2.725964976798043	1.9125492194876275	3.0206639912291657	1.4912078314241506	spot.bound5-5all.PPMIno.LENGTH5000.SOCPOSnav	4
12	2.91694151492671	1.9079801211344083	3.104366490886684	2.0609414468967864	spot.nobound10-10lex.PPMIno.LENGTHFOC.SOCPOSall	5
36	2.528854615992752	1.8732079392037428	3.01585989251244	0.6227340656818333	spot.bound5-5lex.PPMIselection.LENGTHFOC.SOCPOSall	6
16	2.0636914227847094	1.4248943691081062	2.2600380484417943	1.9192277662558264	spot.bound3-3all.PPMIno.LENGTH5000.SOCPOSnav	7
28	2.355184711296328	1.7402821187342814	3.213035297711885	1.7118410550498149	spot.bound3-3lex.PPMIselection.LENGTHFOC.SOCPOSall	8
