size	max_diss	av_diss	diameter	separation	medoid	medoid_i
26	2.647093963362531	1.7677059479707358	3.2687795569871385	1.0082884788620152	spot.LEMMAPATHweight.PPMIno.LENGTHFOC.SOCPOSall	1
35	2.7126315548578215	1.8987105151347472	3.084043301300577	0.6227340656818333	spot.bound5-5all.PPMIweight.LENGTH5000.SOCPOSnav	2
35	2.621081122947599	1.8675844501193117	2.9152706880584	1.0082884788620152	spot.LEMMAREL2.PPMIselection.LENGTH5000.SOCPOSnav	3
28	2.7640351631987556	2.0007402658354034	3.0206639912291657	1.9192277662558264	spot.bound5-5all.PPMIno.LENGTHFOC.SOCPOSall	4
12	2.91694151492671	1.9079801211344083	3.104366490886684	2.0609414468967864	spot.nobound10-10lex.PPMIno.LENGTHFOC.SOCPOSall	5
36	2.528854615992752	1.8732079392037428	3.01585989251244	0.6227340656818333	spot.bound5-5lex.PPMIselection.LENGTHFOC.SOCPOSall	6
16	2.0636914227847094	1.4248943691081062	2.2600380484417943	1.9192277662558264	spot.bound3-3all.PPMIno.LENGTH5000.SOCPOSnav	7
28	2.355184711296328	1.7402821187342814	3.213035297711885	1.7118410550498149	spot.bound3-3lex.PPMIselection.LENGTHFOC.SOCPOSall	8
