size	max_diss	av_diss	diameter	separation	medoid	avg.width
28	2.6764446309091587	1.9986337561862484	3.2859019526395437	0.6396961968349645	spot.BOWbound5all.PPMIweight.LENGTH5000.SOCPOSnav	0.12611512908467934
18	3.0007095100717502	2.06721575360621	3.338890077180808	2.067387559991598	spot.BOWbound5lex.PPMIselection.LENGTH5000.SOCPOSall	0.1623865899165658
34	2.9557035002840557	1.9554321353151607	3.270616852130397	0.6396961968349645	spot.BOWbound5lex.PPMIselection.LENGTHFOC.SOCPOSall	0.14945739313156764
32	3.2751357412426896	2.221435583318838	3.4650691580655018	1.9198186466786302	spot.BOWbound5all.PPMIselection.LENGTHFOC.SOCPOSall	0.10477032647316756
19	2.3172450114567136	1.540662183682431	3.1237012069203836	0.6485076353550946	spot.BOWbound3lex.PPMIselection.LENGTHFOC.SOCPOSall	0.29305455606863934
19	2.5973004492968497	1.7227320865823188	3.11699527368975	0.6485076353550946	spot.BOWbound3all.PPMIselection.LENGTHFOC.SOCPOSall	0.2269486652166838
42	2.644305703217926	2.0363838207525045	3.191438394091032	1.4311780450048783	spot.LEMMAREL2.PPMIselection.LENGTH5000.SOCPOSnav	0.1664466778474463
20	2.5698090105466935	1.735391474932441	3.210134482710692	1.4311780450048783	spot.LEMMAPATHweight.PPMIselection.LENGTHFOC.SOCPOSall	0.19829742194366895
