size	max_diss	av_diss	diameter	separation	medoid	avg.width
27	2.597410805666379	1.964633717546896	3.2859019526395437	0.6396961968349645	spot.BOWbound5all.PPMIweight.LENGTH5000.SOCPOSnav	0.14011383061825997
18	3.0007095100717502	2.068150739680336	3.3201465802644767	2.0633478418499416	spot.BOWbound5lex.PPMIselection.LENGTH5000.SOCPOSall	0.1593540593787366
34	2.961418489663048	1.9576058817607551	3.270616852130397	0.6396961968349645	spot.BOWbound5lex.PPMIselection.LENGTHFOC.SOCPOSall	0.143158823421096
32	3.277022921036347	2.222453561702881	3.4676428185553405	1.916722090034655	spot.BOWbound5all.PPMIselection.LENGTHFOC.SOCPOSall	0.11633047246303313
18	2.319861858634596	1.5032881854887714	2.724726187381272	1.8729165480853749	spot.BOWbound3lex.PPMIselection.LENGTHFOC.SOCPOSall	0.3247555314048096
20	2.598944006359121	1.75115014097211	3.131634698018437	1.7977662519652393	spot.BOWbound3all.PPMIselection.LENGTHFOC.SOCPOSall	0.21857019882971515
28	2.6591325666063605	1.892491508723807	3.393233885347675	0.909577393539065	spot.LEMMAPATHweight.PPMIselection.LENGTHFOC.SOCPOSall	0.1434532700077153
35	2.588038694809065	1.9593814771809797	3.0718662470129035	1.071041453930338	spot.LEMMAREL2.PPMIselection.LENGTH5000.SOCPOSnav	0.1891209878253114
