size	max_diss	av_diss	diameter	separation	medoid	medoid_i
36	2.32991705593413	1.7626888893623784	3.1070254861462163	1.7542705500756792	hachelijk.LEMMAPATHweight.PPMIselection.LENGTHFOC.SOCPOSall	1
24	2.1411361135739626	1.4435834862442747	2.2499308516586587	1.9632701713999483	hachelijk.LEMMAREL1.PPMIselection.LENGTH5000.SOCPOSnav	2
14	2.7625840908847183	2.100259751664993	3.3135338023052476	1.439420055936992	hachelijk.nobound10-10all.PPMIno.LENGTHFOC.SOCPOSall	3
22	2.618726976150031	1.8862733444280584	3.017508813501987	1.439420055936992	hachelijk.bound5-5all.PPMIselection.LENGTHFOC.SOCPOSall	4
40	2.2359813534676114	1.7495442086122754	2.7435840480568925	0.9026333815280324	hachelijk.bound5-5all.PPMIweight.LENGTHFOC.SOCPOSall	5
30	2.589431913548265	1.8131594795012902	3.0324962794271113	0.936977634241397	hachelijk.bound5-5lex.PPMIselection.LENGTH5000.SOCPOSall	6
16	2.142435326269968	1.475531428513619	2.2264679918351327	1.8412833295892896	hachelijk.bound3-3all.PPMIselection.LENGTH5000.SOCPOSall	7
22	2.163323873043953	1.458429030249397	2.32102929312283	0.9026333815280324	hachelijk.bound3-3lex.PPMIselection.LENGTH5000.SOCPOSall	8
