size	max_diss	av_diss	diameter	separation	medoid	medoid_i
28	2.323151179549781	1.7083003638561107	2.776355738322392	1.451146553002896	hachelijk.LEMMAPATHweight.PPMIselection.LENGTHFOC.SOCPOSall	1
27	2.452754345051466	1.53778815192493	2.770386917024957	1.178440404938817	hachelijk.LEMMAREL1.PPMIselection.LENGTH5000.SOCPOSnav	2
29	2.4086833151339193	1.6751819452413275	2.854651319920346	1.178440404938817	hachelijk.bound3-3lex.PPMIweight.LENGTHFOC.SOCPOSnav	3
32	2.153323655259513	1.619875881836986	2.567524451784685	1.314699615901882	hachelijk.bound5-5all.PPMIweight.LENGTH5000.SOCPOSall	4
14	2.7625840908847183	2.100259751664993	3.3135338023052476	1.439420055936992	hachelijk.nobound10-10all.PPMIno.LENGTHFOC.SOCPOSall	5
22	2.618726976150031	1.8862733444280584	3.017508813501987	1.439420055936992	hachelijk.bound5-5all.PPMIselection.LENGTHFOC.SOCPOSall	6
36	2.589431913548265	1.8426030734119716	3.079303969224925	1.5187090352381996	hachelijk.bound5-5lex.PPMIselection.LENGTH5000.SOCPOSall	7
16	2.142435326269968	1.475531428513619	2.2264679918351327	1.8412833295892896	hachelijk.bound3-3all.PPMIselection.LENGTH5000.SOCPOSall	8
