size	max_diss	av_diss	diameter	separation	medoid	avg.width
30	2.2353449361692785	1.698734694013644	2.7641658319248537	1.3935680976324458	hachelijk.BOWbound5all.PPMIweight.LENGTHFOC.SOCPOSall	0.1887645804808155
26	3.248184044224724	2.0402354698072793	3.551683979028085	1.891352425104117	hachelijk.BOWbound5lex.PPMIweight.LENGTH5000.SOCPOSall	0.10963659965859145
24	3.0956833605856566	1.9386628428782542	3.1583345409173726	1.6851490822061994	hachelijk.BOWbound5lex.PPMIselection.LENGTHFOC.SOCPOSall	0.14960982455432942
34	3.25422541058116	2.188084675597236	3.5402222240390264	0.9848194859479201	hachelijk.BOWbound5all.PPMIselection.LENGTHFOC.SOCPOSall	0.07705526157439568
17	3.313116767301648	2.241287304406444	3.7016172984243805	1.4851482958138156	hachelijk.BOWbound5all.PPMIselection.LENGTH5000.SOCPOSall	0.1251824954505219
20	2.1445325144652148	1.4816777114069128	2.6637425654200007	0.9848194859479201	hachelijk.BOWbound3lex.PPMIselection.LENGTHFOC.SOCPOSall	0.2514812176525235
25	2.7671720117329963	1.7074459278812149	3.0312917492503493	1.4851482958138156	hachelijk.LEMMAPATHweight.PPMIselection.LENGTHFOC.SOCPOSall	0.18503944552422769
24	2.12381540185926	1.656048567768769	2.401238523377838	2.182364115942423	hachelijk.LEMMAREL1.PPMIselection.LENGTH5000.SOCPOSnav	0.3205921454128156
