size	max_diss	av_diss	diameter	separation	medoid	avg.width
32	2.453822133273597	1.739032528217043	2.825211194660088	1.2390006627446692	hachelijk.BOWbound5all.PPMIweight.LENGTHFOC.SOCPOSall	0.16249388356023825
26	3.2541432690659953	2.0444184874888323	3.5506261523390705	1.8917028440863035	hachelijk.BOWbound5lex.PPMIweight.LENGTH5000.SOCPOSall	0.11076910559567654
24	3.094141084954159	1.93766566746105	3.162713577495543	1.686958420544283	hachelijk.BOWbound5lex.PPMIselection.LENGTHFOC.SOCPOSall	0.15142489295501108
34	3.25422541058116	2.188232660943226	3.5459606345547594	0.9872242918110634	hachelijk.BOWbound5all.PPMIselection.LENGTHFOC.SOCPOSall	0.06796934448023097
17	3.3138033853381184	2.234788736844702	3.7061990442870107	1.500677067496829	hachelijk.BOWbound5all.PPMIselection.LENGTH5000.SOCPOSall	0.12944123078832007
20	2.139560179200389	1.4801958532206771	2.6607672676739824	0.9872242918110634	hachelijk.BOWbound3lex.PPMIselection.LENGTHFOC.SOCPOSall	0.2540458355752664
27	2.779691245185455	1.7360834935138885	3.004074285610257	1.2390006627446692	hachelijk.LEMMAREL1.PPMIselection.LENGTH5000.SOCPOSnav	0.2489092127101594
20	2.3011132518499364	1.6272025065558147	2.6505461287928505	1.5784390732962703	hachelijk.LEMMAPATHweight.PPMIselection.LENGTHFOC.SOCPOSall	0.25607255096743814
