size	max_diss	av_diss	diameter	separation	medoid	avg.width
28	3.1943449367099777	2.1375291348550105	3.756288132580761	1.6311465741663802	hoekig.BOWnobound10lex.PPMIselection.LENGTHFOC.SOCPOSall	0.10430748150037959
21	3.097420928782276	2.462817682870493	3.797589138508496	1.8800766136313751	hoekig.BOWbound5lex.PPMIweight.LENGTH5000.SOCPOSall	0.15739128428155952
44	3.7118993379515968	2.5139889927656225	4.450848868057352	0.9860192487146723	hoekig.LEMMAREL1.PPMIselection.LENGTH5000.SOCPOSnav	0.0025156056095183895
27	3.482123105270001	2.272550405700176	3.893001255306089	1.054857917820523	hoekig.BOWbound5all.PPMIselection.LENGTHFOC.SOCPOSall	0.042603583040790476
20	2.252428134307504	1.5987911461740594	3.0595902385343905	1.054857917820523	hoekig.BOWnobound5lex.PPMIselection.LENGTHFOC.SOCPOSall	0.25944868119945336
20	2.2091132385172716	1.500741134817826	2.9855984791684094	1.0879246155642686	hoekig.BOWbound3lex.PPMIselection.LENGTHFOC.SOCPOSnav	0.2915203222711133
19	3.445159524709298	1.8865784282757445	3.8040293339492277	0.9860192487146723	hoekig.BOWbound3all.PPMIselection.LENGTHFOC.SOCPOSall	0.1726304998579291
21	3.159180426612945	1.973726660253647	3.630245379143748	1.0484476295522853	hoekig.LEMMAPATHweight.PPMIselection.LENGTHFOC.SOCPOSall	0.21778574059025826
