size	max_diss	av_diss	diameter	separation	medoid	medoid_i
27	3.0526892176133904	1.677268754584976	3.443584576923526	0.8366166475455881	hoekig.LEMMAREL1.PPMIselection.LENGTH5000.SOCPOSnav	1
33	3.0544239034093916	2.121026016359931	3.6557127930154314	0.8366166475455881	hoekig.LEMMAPATHweight.PPMIselection.LENGTHFOC.SOCPOSall	2
16	2.816826331441887	2.1333040100897835	3.54129638871027	1.6679670541249838	hoekig.nobound10-10all.PPMIno.LENGTHFOC.SOCPOSnav	3
24	2.9715159164558687	2.0427351436240144	3.585001404790047	1.0491847361694204	hoekig.bound5-5all.PPMIselection.LENGTHFOC.SOCPOSall	4
30	2.886002292092074	1.9826938921837958	3.429364501738198	1.533673141428629	hoekig.bound10-10lex.PPMIweight.LENGTH5000.SOCPOSnav	5
22	2.7517935123240127	1.864054084701377	3.3411306103746155	1.0874279625600063	hoekig.bound3-3all.PPMIselection.LENGTHFOC.SOCPOSall	6
26	2.390338945257385	1.6710006598321945	3.1407112899155347	1.0874279625600063	hoekig.bound3-3lex.PPMIselection.LENGTHFOC.SOCPOSnav	7
26	2.5741851674969007	1.7991554069558537	3.1999181265836145	1.0491847361694204	hoekig.nobound5-5lex.PPMIselection.LENGTHFOC.SOCPOSall	8
