size	max_diss	av_diss	diameter	separation	medoid	medoid_i
33	3.0526892176133904	1.8751754687423414	3.443584576923526	1.048447629552285	hoekig.LEMMAREL1.PPMIselection.LENGTH5000.SOCPOSnav	1
27	2.8020067291539466	1.9589529663099317	3.432585469196373	1.048447629552285	hoekig.LEMMAPATHweight.PPMIselection.LENGTHFOC.SOCPOSall	2
20	2.935583422658771	2.1873533601664814	3.5023659595325216	1.7582437173986654	hoekig.bound10-10all.PPMIno.LENGTHFOC.SOCPOSnav	3
26	3.166763852270473	1.9573080544439327	3.524230216601464	1.668112083167131	hoekig.nobound10-10lex.PPMIweight.LENGTHFOC.SOCPOSall	4
34	2.759119634600882	1.944558393245467	3.297773317348976	1.668112083167131	hoekig.nobound5-5lex.PPMIselection.LENGTHFOC.SOCPOSall	5
22	2.7517935123240127	1.864054084701377	3.3411306103746155	1.0874279625600063	hoekig.bound3-3all.PPMIselection.LENGTHFOC.SOCPOSall	6
26	2.390338945257385	1.6710006598321945	3.1407112899155347	1.0874279625600063	hoekig.bound3-3lex.PPMIselection.LENGTHFOC.SOCPOSnav	7
16	2.514201885401266	1.795579216865443	3.0179122671401704	2.097857011841652	hoekig.bound5-5all.PPMIno.LENGTHFOC.SOCPOSall	8
