size	max_diss	av_diss	diameter	separation	medoid	medoid_i
33	3.053401822161089	1.8762033953540265	3.4458098431380977	1.0468599899991258	hoekig.LEMMAREL1.PPMIselection.LENGTH5000.SOCPOSnav	1
27	2.729875424825846	1.9169361411443944	3.432764908460618	1.0468599899991258	hoekig.LEMMAPATHweight.PPMIselection.LENGTHFOC.SOCPOSall	2
16	2.816826331441887	2.1333040100897835	3.54129638871027	1.6679670541249838	hoekig.nobound10-10all.PPMIno.LENGTHFOC.SOCPOSnav	3
24	2.9715159164558687	2.0427351436240144	3.585001404790047	1.0491847361694204	hoekig.bound5-5all.PPMIselection.LENGTHFOC.SOCPOSall	4
30	2.885428610675566	1.982377697992203	3.429364501738198	1.533673141428629	hoekig.bound10-10lex.PPMIweight.LENGTH5000.SOCPOSnav	5
22	2.7517935123240127	1.8640727598419875	3.3411306103746155	1.0874279625600063	hoekig.bound3-3all.PPMIselection.LENGTHFOC.SOCPOSall	6
26	2.3893064605432595	1.6707813992460716	3.2531405743726824	1.0874279625600063	hoekig.bound3-3lex.PPMIselection.LENGTHFOC.SOCPOSnav	7
26	2.5741851674969007	1.7991518169117795	3.204190862605482	1.0491847361694204	hoekig.nobound5-5lex.PPMIselection.LENGTHFOC.SOCPOSall	8
