size	max_diss	av_diss	diameter	separation	medoid	avg.width
22	3.0322484665702953	1.9400252892968004	3.5329718649614015	1.6795212628917975	herstructureren.BOWbound5lex.PPMIselection.LENGTHFOC.SOCPOSall	0.15930371435880367
40	3.540544161522419	2.5879125931491584	3.9971809755933654	1.7084748856082332	herstructureren.LEMMAREL1.PPMIweight.LENGTH5000.SOCPOSnav	0.012248959748759322
25	3.2993661211196472	2.4230978328610395	3.7513757179108147	1.6795212628917975	herstructureren.BOWnobound10lex.PPMIselection.LENGTHFOC.SOCPOSall	0.054492967002469896
19	3.1640740241263328	2.2229794822104045	3.739224365707498	1.7084748856082332	herstructureren.BOWbound3lex.PPMIselection.LENGTH5000.SOCPOSall	0.08996610503231392
32	3.268257873797382	2.403977718000777	3.900011866417227	1.7790305337172887	herstructureren.BOWbound5all.PPMIselection.LENGTHFOC.SOCPOSall	0.06625876334871492
18	2.3435181790693007	1.5293115911608912	2.656682668053423	2.0517891681153726	herstructureren.BOWbound3lex.PPMIselection.LENGTHFOC.SOCPOSall	0.35481985403101846
18	2.597778924168443	1.899634690862433	3.3248777288226172	2.116856434508632	herstructureren.BOWbound3all.PPMIselection.LENGTHFOC.SOCPOSall	0.22931697035872403
26	2.8160299135550346	2.011970333895334	3.460844980623012	1.847365615185814	herstructureren.LEMMAPATHweight.PPMIselection.LENGTHFOC.SOCPOSall	0.21941336093006675
