size	max_diss	av_diss	diameter	separation	medoid	medoid_i
29	3.528282594875108	2.0012169609435086	3.808046942296108	0.9139168394543772	herstructureren.LEMMAPATH3.PPMIselection.LENGTH5000.SOCPOSall	1
21	2.8743396178095906	1.8575395908999583	3.348485972945999	1.0504833873292625	herstructureren.LEMMAPATHweight.PPMIweight.LENGTH5000.SOCPOSall	2
20	2.5930029170498186	1.8932340397053735	3.1497291261602887	1.2712271968769948	herstructureren.LEMMAREL1.PPMIselection.LENGTH5000.SOCPOSall	3
32	3.2097129855452167	2.237118480367289	3.6663543084089025	0.9139168394543772	herstructureren.bound5-5all.PPMIselection.LENGTHFOC.SOCPOSall	4
30	3.04576238526616	1.9990361312307827	3.544790720336058	1.5124361745084804	herstructureren.bound5-5lex.PPMIselection.LENGTHFOC.SOCPOSall	5
24	3.2385056621817316	2.242212919084427	3.6044694673520334	1.5124361745084804	herstructureren.nobound10-10lex.PPMIselection.LENGTHFOC.SOCPOSall	6
24	2.5697559159390457	1.932221787437709	3.2097653080848163	2.1116286396965203	herstructureren.bound3-3all.PPMIselection.LENGTHFOC.SOCPOSall	7
24	2.2281658819740104	1.6108283730450632	2.550989245010508	2.0541620760709103	herstructureren.bound3-3lex.PPMIselection.LENGTHFOC.SOCPOSall	8
