size	max_diss	av_diss	diameter	separation	medoid	avg.width
22	3.0309917006196794	1.9394513517488348	3.5335072055363477	1.6795212628917975	herstructureren.BOWbound5lex.PPMIselection.LENGTHFOC.SOCPOSall	0.16039030528634682
34	3.5020947576489556	2.5922387430668046	3.898126142941787	1.7084748856082332	herstructureren.LEMMAREL1.PPMIselection.LENGTH5000.SOCPOSall	0.03289153710264708
26	3.2993661211196472	2.45208378397266	3.7513757179108147	1.6795212628917975	herstructureren.BOWnobound10lex.PPMIselection.LENGTHFOC.SOCPOSall	0.04586690020068163
18	2.9936861569977813	2.1818808404459897	3.7338575588075558	1.7084748856082332	herstructureren.BOWbound3lex.PPMIselection.LENGTH5000.SOCPOSall	0.09877292774578507
32	3.570587816869669	2.4130193065699506	3.8922354712433385	1.7790305337172887	herstructureren.BOWbound5all.PPMIselection.LENGTHFOC.SOCPOSall	0.06639144999736334
18	2.355722051544457	1.5340348192549909	2.66113525935722	2.052364119024195	herstructureren.BOWbound3lex.PPMIselection.LENGTHFOC.SOCPOSall	0.3553274185913099
18	2.5989571812455248	1.900832170823721	3.3242953810678886	2.117202333785525	herstructureren.BOWbound3all.PPMIselection.LENGTHFOC.SOCPOSall	0.22611848847343344
36	2.62538963853782	2.0411127565425877	3.3302183430997605	2.2607577311455183	herstructureren.LEMMAPATHweight.PPMIselection.LENGTHFOC.SOCPOSall	0.21236125525135324
