size	max_diss	av_diss	diameter	separation	medoid	medoid_i
29	3.528282594875108	1.9565764029221435	3.79830197817478	0.9139168394543772	herstructureren.LEMMAPATHweight.PPMIselection.LENGTH5000.SOCPOSall	1
21	2.8706073280076176	1.8577477111607952	3.322729924777663	1.0504833873292625	herstructureren.LEMMAPATHweight.PPMIweight.LENGTH5000.SOCPOSall	2
20	2.5988005929845746	1.8939261568957677	3.2833682750265796	1.2684259815620298	herstructureren.LEMMAREL1.PPMIselection.LENGTH5000.SOCPOSall	3
32	3.2097129855452167	2.237118480367289	3.665219944447386	0.9139168394543772	herstructureren.bound5-5all.PPMIselection.LENGTHFOC.SOCPOSall	4
32	3.0424687703054554	2.0388574356560314	3.5456422764422317	0.7486030737902317	herstructureren.bound5-5lex.PPMIselection.LENGTHFOC.SOCPOSall	5
22	3.2378257020909604	2.205479100132367	3.549179442193424	0.7486030737902317	herstructureren.nobound10-10lex.PPMIselection.LENGTHFOC.SOCPOSall	6
24	2.570273731521454	1.9328428599538885	3.2108644769514245	2.1116286396965203	herstructureren.bound3-3all.PPMIselection.LENGTHFOC.SOCPOSall	7
24	2.22471878268986	1.6131740399588708	2.6101951122215916	2.0546693923603985	herstructureren.bound3-3lex.PPMIselection.LENGTHFOC.SOCPOSall	8
