size	max_diss	av_diss	diameter	separation	medoid	medoid_i
16	3.013517257554599	1.7757007163433034	3.3173195998911424	2.131380113193577	herinneren.LEMMAPATHweight.PPMIno.LENGTH5000.SOCPOSall	1
20	3.073151602722924	1.9511309399180683	3.2828104114670347	1.8753878096547183	herinneren.LEMMAPATHweight.PPMIselection.LENGTH5000.SOCPOSall	2
30	2.470104198034804	1.719495675409541	2.754785538561741	1.290723314488159	herinneren.LEMMAPATHweight.PPMIweight.LENGTH5000.SOCPOSall	3
22	2.6217479053052184	1.8067406825815704	2.9321512123578253	1.290723314488159	herinneren.LEMMAREL1.PPMIselection.LENGTH5000.SOCPOSall	4
48	3.3422155275018977	2.3848373909630927	3.6128012341681486	1.9086532950567203	herinneren.bound5-5lex.PPMIselection.LENGTH5000.SOCPOSnav	5
29	2.806444401987232	1.9607491842042952	3.2403131429081418	0.897295425878893	herinneren.bound3-3all.PPMIselection.LENGTH5000.SOCPOSall	6
24	2.211551295845916	1.6381313501143675	2.5993720935368545	1.9086532950567203	herinneren.bound3-3lex.PPMIselection.LENGTH5000.SOCPOSall	7
15	3.116620728383679	2.1126353603720713	3.6142392416415254	0.897295425878893	herinneren.nobound5-5all.PPMIno.LENGTH5000.SOCPOSall	8
