size	max_diss	av_diss	diameter	separation	medoid	medoid_i
22	2.6625704767739173	1.9159729779403145	3.2880491968433945	1.5200195963636458	herinneren.LEMMAPATHweight.PPMIno.LENGTHFOC.SOCPOSall	1
35	2.455020203189965	1.7706634532963912	2.9236699490195903	1.0201309349724856	herinneren.LEMMAPATHweight.PPMIweight.LENGTH5000.SOCPOSall	2
18	2.293117346593996	1.6776788114761911	2.724713972398314	1.5200195963636458	herinneren.LEMMAREL1.PPMIselection.LENGTH5000.SOCPOSall	3
14	3.184224914896737	2.2881917659136435	3.7507436921117105	1.671315312607235	herinneren.nobound10-10all.PPMIno.LENGTHFOC.SOCPOSnav	4
23	2.9700236556038058	2.1777022458138062	3.303215755549129	1.0201309349724856	herinneren.nobound5-5all.PPMIselection.LENGTH5000.SOCPOSall	5
44	3.054654319219116	2.300404435479894	3.5707610032377772	1.9113629208911724	herinneren.bound5-5lex.PPMIselection.LENGTH5000.SOCPOSnav	6
24	2.5806054209332485	1.8427856457405847	3.1229202566840377	2.157635281772187	herinneren.bound3-3all.PPMIselection.LENGTH5000.SOCPOSall	7
24	2.218774429921395	1.6371438639803662	2.5834424992376146	1.9113629208911724	herinneren.bound3-3lex.PPMIselection.LENGTH5000.SOCPOSall	8
