size	max_diss	av_diss	diameter	separation	medoid	avg.width
41	3.616719566218956	2.4515692371854962	4.020586855196429	1.6363225689631606	herinneren.BOWbound3lex.PPMIselection.LENGTH5000.SOCPOSnav	0.04184694056320894
31	3.09702063259639	2.2827147969160113	3.6254634233223357	1.6363225689631606	herinneren.BOWbound5lex.PPMIselection.LENGTHFOC.SOCPOSall	0.12392239468687229
27	3.312752996661128	2.0529856559240387	3.651881252832249	1.568165044827886	herinneren.BOWbound10all.PPMIweight.LENGTH5000.SOCPOSnav	0.1416446361981394
15	3.608056984217921	2.0798312681962345	3.8041712093696196	1.811741519962024	herinneren.LEMMAPATHweight.PPMIselection.LENGTHFOC.SOCPOSall	0.14756295027251848
21	3.778971877643058	2.6162532688792988	4.143247858473252	1.3357809548085047	herinneren.BOWbound5all.PPMIno.LENGTHFOC.SOCPOSall	0.07406494029818049
27	3.2928536827178383	2.2210039491427955	3.72389965096834	1.3357809548085047	herinneren.BOWbound3all.PPMIselection.LENGTH5000.SOCPOSnav	0.16233327659103536
24	2.966771893064287	1.9843901859651496	3.27662583853889	1.568165044827886	herinneren.LEMMAREL1.PPMIselection.LENGTH5000.SOCPOSnav	0.1609997499598235
14	3.356315970650811	1.9987327754783186	3.940436542133251	1.7788187354154756	herinneren.LEMMAPATHweight.PPMIno.LENGTHFOC.SOCPOSall	0.1578099407649781
