size	max_diss	av_diss	diameter	separation	medoid	avg.width
35	3.4465858002361314	2.3884589484312397	3.5977929351910163	0.7663562794922121	herinneren.BOWbound5lex.PPMIselection.LENGTHFOC.SOCPOSall	0.0739668960666404
19	3.5914313009445613	2.3984909128287204	4.125354346935086	1.4177229076752564	herinneren.BOWbound3lex.PPMIselection.LENGTH5000.SOCPOSall	0.07487537026720219
34	3.538558712232612	2.182732725673337	3.872366687321334	1.3975628394519237	herinneren.BOWbound10all.PPMIweight.LENGTHFOC.SOCPOSall	0.10467814522479664
21	3.778971877643058	2.6162654453609937	4.143857627896216	1.3364578533369742	herinneren.BOWbound5all.PPMIno.LENGTHFOC.SOCPOSall	0.07802218938361982
26	3.2583773636092137	2.180380861594846	3.65702289217671	1.3364578533369742	herinneren.BOWbound3all.PPMIselection.LENGTH5000.SOCPOSnav	0.18517606080835
19	3.384955925859932	1.7813834621864544	3.5734802371412453	0.7663562794922121	herinneren.BOWbound3lex.PPMIselection.LENGTHFOC.SOCPOSall	0.2871144783167892
28	2.9678669816127723	2.0369133110584032	3.2723361788986507	1.3975628394519237	herinneren.LEMMAREL1.PPMIselection.LENGTH5000.SOCPOSnav	0.16451033485127015
22	3.356315970650811	2.1935554825937937	4.0384981144295224	1.5647513054996345	herinneren.LEMMAPATHweight.PPMIno.LENGTHFOC.SOCPOSall	0.10404525148861522
