size	max_diss	av_diss	diameter	separation	medoid	avg.width
44	3.0485080740453148	2.193414977149685	3.6099679838505185	1.6213661834770448	schaal.BOWnobound5all.PPMIweight.LENGTHFOC.SOCPOSall	0.14128239899148654
30	4.021988306764727	2.598679912251975	4.212199149051563	1.9914342873295456	schaal.BOWbound10lex.PPMIno.LENGTHFOC.SOCPOSall	0.0778916403395841
24	3.7482962000677813	2.4488947062316453	4.101131088634325	2.3254376692561087	schaal.BOWbound5all.PPMIselection.LENGTHFOC.SOCPOSall	0.12322082283032354
32	3.5945539578605787	2.1708411928255344	3.706352828094016	1.6525383882569962	schaal.BOWbound3lex.PPMIselection.LENGTHFOC.SOCPOSall	0.13061486157673013
16	3.1701172834363893	1.9139050544280398	3.322175215225077	2.198663746536426	schaal.BOWnobound3all.PPMIselection.LENGTHFOC.SOCPOSall	0.30262680266379755
14	2.793616977049083	1.8242836597482435	3.1178105435308603	1.6213661834770448	schaal.LEMMAREL3.PPMIweight.LENGTH5000.SOCPOSnav	0.2884153443634953
38	2.9006336939750117	2.1604277620560537	3.480566978403088	1.637013201818193	schaal.LEMMAREL3.PPMIselection.LENGTH5000.SOCPOSnav	0.1879352706204418
14	3.1912432238993222	1.7923613513940226	3.3304541327823336	1.637013201818193	schaal.LEMMAPATHweight.PPMIselection.LENGTHFOC.SOCPOSall	0.2901766788596992
