size	max_diss	av_diss	diameter	separation	medoid	medoid_i
39	2.919472059637674	2.0174545010182867	3.4598400294060245	0.7925549942135006	schaal.LEMMAREL2.PPMIselection.LENGTH5000.SOCPOSnav	1
27	2.803209680722309	2.0365639353096587	3.206720657256075	0.7925549942135006	schaal.LEMMAPATHweight.PPMIweight.LENGTH5000.SOCPOSnav	2
14	2.4765805457615624	1.5861046760973678	2.707814648847518	1.3605590893004758	schaal.LEMMAPATHweight.PPMIselection.LENGTH5000.SOCPOSnav	3
32	3.409446592974622	2.4014867366441544	3.810345112209492	1.9912611107028984	schaal.bound10-10lex.PPMIno.LENGTHFOC.SOCPOSnav	4
24	3.196037242033358	2.234356298793097	3.565846947527288	2.3561988481229004	schaal.bound5-5all.PPMIselection.LENGTHFOC.SOCPOSall	5
36	2.5779531953083006	1.8745174203502164	3.1346137598532517	1.270156541304743	schaal.bound5-5lex.PPMIweight.LENGTH5000.SOCPOSnav	6
15	2.2892054516716724	1.6022626238261293	2.624778528077007	0.7138403451663485	schaal.bound3-3all.PPMIno.LENGTH5000.SOCPOSnav	7
29	2.539253980394956	1.8755506015774477	3.2950830907220734	0.7138403451663485	schaal.bound3-3lex.PPMIselection.LENGTHFOC.SOCPOSall	8
