size	max_diss	av_diss	diameter	separation	medoid	medoid_i
45	2.950290646528431	2.053904893080807	3.5411108884720868	1.1172815424814562	schaal.LEMMAREL3.PPMIselection.LENGTH5000.SOCPOSnav	1
16	2.7476982773699556	1.71887997745665	3.196194567040015	0.7101705064739717	schaal.LEMMAREL3.PPMIweight.LENGTH5000.SOCPOSnav	2
16	3.2025998136860014	1.7536711354334462	3.466225367230561	0.7138403451663485	schaal.bound3-3all.PPMIno.LENGTH5000.SOCPOSnav	3
20	3.154309971580584	2.129984915768355	3.717419642067431	1.580216454403916	schaal.bound5-5all.PPMIselection.LENGTHFOC.SOCPOSall	4
45	2.5630759647313335	2.023720921098706	3.1885799414585523	0.7101705064739717	schaal.nobound5-5all.PPMIweight.LENGTHFOC.SOCPOSall	5
24	3.2242396588030635	2.4297740357536814	3.9024771328592234	2.264800979262414	schaal.bound10-10all.PPMIno.LENGTHFOC.SOCPOSnav	6
24	2.7825732936007115	1.9720649333051996	3.1277860533084274	2.053319544066758	schaal.bound5-5lex.PPMIselection.LENGTHFOC.SOCPOSall	7
26	2.481898737185075	1.8249270048300874	3.172158863797929	0.7138403451663485	schaal.nobound3-3lex.PPMIselection.LENGTHFOC.SOCPOSall	8
