size	max_diss	av_diss	diameter	separation	medoid	avg.width
18	3.2454255607137457	1.7909443773784675	3.5244148112290925	1.4251506899092778	dof.BOWnobound10lex.PPMIweight.LENGTHFOC.SOCPOSall	0.1387596544309887
23	3.084125705104756	2.2832172021718664	3.624792457030286	2.28648296619669	dof.BOWbound5lex.PPMIweight.LENGTH5000.SOCPOSall	0.16415772551580987
30	2.9114250363631218	1.8087521866574003	3.3714289779378173	1.4251506899092778	dof.BOWbound5lex.PPMIselection.LENGTHFOC.SOCPOSall	0.13082320437757258
45	3.8743313331362375	2.435146772203708	4.524312245544802	1.6364226487655265	dof.LEMMAREL1.PPMIselection.LENGTH5000.SOCPOSnav	-0.01804232830908507
24	3.4401930960817446	2.2810687136837	3.8589363241698944	2.016721824220225	dof.BOWbound5all.PPMIselection.LENGTHFOC.SOCPOSall	0.08759068730795035
22	2.2454695531414828	1.4620440497017446	2.8867339606005413	1.6993488752380959	dof.BOWbound3lex.PPMIselection.LENGTHFOC.SOCPOSall	0.3253518370331406
16	2.9493750014230615	1.7782634718954797	3.2482367264562004	1.6993488752380959	dof.BOWbound3all.PPMIselection.LENGTHFOC.SOCPOSall	0.1781404601951768
22	2.9086335184997267	1.9169686548864602	3.55233198627528	1.6364226487655265	dof.LEMMAPATHweight.PPMIselection.LENGTHFOC.SOCPOSall	0.19865112575803948
