size	max_diss	av_diss	diameter	separation	medoid	avg.width
18	3.2448681157529276	1.7906595166153798	3.5244148112290925	1.4244279075094033	dof.BOWnobound10lex.PPMIweight.LENGTHFOC.SOCPOSall	0.13895400344675446
20	3.084524483292739	2.210074001916964	3.5640603683049235	1.0334401637210826	dof.BOWbound5lex.PPMIweight.LENGTH5000.SOCPOSall	0.17705918109931587
30	2.911399767105649	1.8084520512229358	3.3720436034940184	1.4244279075094033	dof.BOWbound5lex.PPMIselection.LENGTHFOC.SOCPOSall	0.13998105198252803
21	3.83036795649341	2.5204942279815645	4.429244500388135	1.0334401637210826	dof.LEMMAREL1.PPMIweight.LENGTH5000.SOCPOSall	-0.00562875699354354
29	3.4406262112548562	2.3531283583930684	3.8589363241698944	1.0011621693563022	dof.BOWbound5all.PPMIselection.LENGTHFOC.SOCPOSall	0.0635181839564544
26	3.8054277940804044	2.0229308179027874	4.394960992896951	1.011808056984491	dof.LEMMAREL1.PPMIselection.LENGTHFOC.SOCPOSall	0.1233900447288565
31	2.4502728279618027	1.698961933330843	2.9742164881286097	1.0011621693563022	dof.BOWbound3lex.PPMIselection.LENGTHFOC.SOCPOSall	0.24500724362541895
25	2.9948125466884963	1.9892916344428684	3.562625086065012	1.011808056984491	dof.LEMMAPATHweight.PPMIselection.LENGTHFOC.SOCPOSall	0.17583660891660416
