size	max_diss	av_diss	diameter	separation	medoid	medoid_i
34	2.8977739019185917	1.7208016406767808	3.261409191782755	1.6491943927334285	dof.LEMMAREL1.PPMIselection.LENGTH5000.SOCPOSnav	1
26	2.809788787677184	1.8467834982997728	3.4534080516761985	1.6491943927334285	dof.LEMMAPATHweight.PPMIselection.LENGTHFOC.SOCPOSall	2
16	3.170607781270185	2.3490020288846467	3.85448513254343	2.0192600840027253	dof.nobound10-10all.PPMIno.LENGTHFOC.SOCPOSnav	3
20	3.294471727959523	2.0488513316538586	3.5413083338102687	2.0192600840027253	dof.bound5-5all.PPMIselection.LENGTHFOC.SOCPOSall	4
31	3.1423892964830915	1.8556767543223793	3.545502299328557	0.6915655344189681	dof.bound10-10lex.PPMIweight.LENGTH5000.SOCPOSnav	5
29	2.749109246702472	1.7879093234759151	3.2100803304000336	0.6915655344189681	dof.bound5-5lex.PPMIselection.LENGTHFOC.SOCPOSall	6
20	2.8427579815708395	1.8450515708790207	3.2287914083881093	1.430735234625682	dof.bound3-3all.PPMIselection.LENGTHFOC.SOCPOSall	7
28	2.3744031860620254	1.6057248169612166	2.9489643736068056	1.430735234625682	dof.bound3-3lex.PPMIselection.LENGTHFOC.SOCPOSall	8
