size	max_diss	av_diss	diameter	separation	medoid	medoid_i
28	2.297131246433677	1.698018396335193	2.785892982773104	1.383051354132787	heffen.LEMMAPATH3.PPMIselection.LENGTH5000.SOCPOSnav	1
24	2.2306883435157077	1.5904910795456573	2.623914377581701	1.383051354132787	heffen.LEMMAREL1.PPMIselection.LENGTHFOC.SOCPOSall	2
24	2.120708287954484	1.4173536948511405	2.5471247866988924	0.9818552793659608	heffen.LEMMAPATH3.PPMIweight.LENGTH5000.SOCPOSall	3
17	2.6254952967077485	1.8770624181699864	3.0225129041217875	0.9310175929385897	heffen.nobound10-10all.PPMIno.LENGTHFOC.SOCPOSnav	4
41	2.559682861210105	1.7053181993391926	2.821689800584493	0.6616553131115599	heffen.bound5-5lex.PPMIselection.LENGTHFOC.SOCPOSall	5
18	2.1652553149523373	1.4032262122193109	2.517230497739842	0.6616553131115599	heffen.nobound10-10lex.PPMIweight.LENGTH5000.SOCPOSnav	6
16	2.6217155200625166	1.6347273823101003	2.8172872326104583	1.4058063499734434	heffen.bound3-3all.PPMIno.LENGTH5000.SOCPOSnav	7
36	1.9865726005847284	1.4931676506967033	2.563838572146272	1.4058063499734434	heffen.bound3-3lex.PPMIselection.LENGTHFOC.SOCPOSall	8
