size	max_diss	av_diss	diameter	separation	medoid	avg.width
31	2.46049106820152	1.5896307031310313	2.7644213978283765	0.7437437577669151	heffen.BOWbound10lex.PPMIweight.LENGTHFOC.SOCPOSnav	0.19042800119366762
18	3.1351898552405753	1.9832522019476626	3.422759994629773	1.6847949706052203	heffen.BOWbound10all.PPMIweight.LENGTH5000.SOCPOSall	0.07658955916192983
33	2.978821909480111	1.8641687798713944	3.2593568800548867	0.7973754548491664	heffen.BOWbound5all.PPMIselection.LENGTHFOC.SOCPOSall	0.01687018875633789
13	2.8995693006846426	1.8626373012537039	3.260504232944763	1.5654506319862413	heffen.BOWnobound10all.PPMIno.LENGTHFOC.SOCPOSnav	0.11757697945957743
38	2.6396300108989132	1.6377752282047435	2.9967203997566467	0.9663714398040848	heffen.BOWbound3lex.PPMIselection.LENGTHFOC.SOCPOSall	0.20100287938885922
16	2.69647044432421	1.823130090712979	3.0985589051873026	1.6847949706052203	heffen.BOWbound3lex.PPMIselection.LENGTH5000.SOCPOSall	0.1289556475604097
22	2.576205382552769	1.6721513178627747	2.944457587205705	1.4197140281537142	heffen.LEMMAREL1.PPMIselection.LENGTHFOC.SOCPOSall	0.1825660089242154
33	2.8719103338727465	1.8085152391021857	3.196706977469191	0.7437437577669151	heffen.LEMMAPATHweight.PPMIselection.LENGTHFOC.SOCPOSall	0.07738457109639195
