size	max_diss	av_diss	diameter	separation	medoid	medoid_i
18	2.191554054764841	1.4846132568464907	2.424761922366589	1.3849033878829855	heffen.LEMMAPATH3.PPMIno.LENGTH5000.SOCPOSnav	1
24	2.2299559679953274	1.601940794182967	2.6475246690477623	1.3849033878829855	heffen.LEMMAREL1.PPMIselection.LENGTHFOC.SOCPOSall	2
36	2.120708287954484	1.559349287121864	2.5469634925712645	0.9754935979092598	heffen.LEMMAPATHweight.PPMIweight.LENGTH5000.SOCPOSall	3
16	2.342841301752228	1.6860548886324722	2.8121993016177376	1.388779102732858	heffen.bound5-5all.PPMIno.LENGTH5000.SOCPOSnav	4
15	2.6254952967077485	1.818408909339653	2.8751257544301434	0.930194384663978	heffen.nobound10-10all.PPMIno.LENGTHFOC.SOCPOSnav	5
47	2.56784174640698	1.7297427087655588	2.821689800584493	0.930194384663978	heffen.bound5-5lex.PPMIselection.LENGTHFOC.SOCPOSall	6
12	1.937720427317688	1.3870438874884947	2.2255946136577034	1.4091619921225953	heffen.bound3-3all.PPMIno.LENGTH5000.SOCPOSnav	7
36	2.02738682182268	1.5092052003089276	2.613463125308007	1.4091619921225953	heffen.nobound3-3lex.PPMIselection.LENGTHFOC.SOCPOSall	8
