size	max_diss	av_diss	diameter	separation	medoid	avg.width
28	2.550423852827964	1.575073388653962	2.9003879951562883	0.7065482006849947	heffen.BOWbound10all.PPMIweight.LENGTHFOC.SOCPOSnav	0.13167402025621516
18	3.1351898552405753	1.9991335795565786	3.4214991587485692	1.6969689954538993	heffen.BOWbound10all.PPMIweight.LENGTH5000.SOCPOSall	0.07763425906742573
29	2.6747848506964655	1.69081910299693	3.044042100849377	0.7065482006849947	heffen.BOWnobound5lex.PPMIselection.LENGTHFOC.SOCPOSall	0.07070799457804401
26	2.7832889983490907	1.7949373975069014	3.3310154543793984	0.8157021168426685	heffen.LEMMAPATHweight.PPMIselection.LENGTHFOC.SOCPOSall	0.10670959913288369
22	3.3447285115744663	2.1039646812998254	3.6229370328219566	1.0084008857439692	heffen.BOWbound5all.PPMIno.LENGTHFOC.SOCPOSall	0.028305953058277687
15	2.694358515097111	1.7673716864400992	3.0923686485573114	1.3936779975214257	heffen.BOWbound3lex.PPMIselection.LENGTH5000.SOCPOSall	0.13308674536817525
34	2.405467878621726	1.5422440828524644	2.649624266994566	1.438899140416853	heffen.BOWbound3lex.PPMIselection.LENGTHFOC.SOCPOSall	0.25470450450654497
28	2.8667751384303446	1.8116787798254594	3.067633603942376	0.844778476897503	heffen.LEMMAREL1.PPMIselection.LENGTHFOC.SOCPOSall	0.14732945728438945
