size	max_diss	av_diss	diameter	separation	medoid	medoid_i
34	2.9269503379649686	2.067916741633341	3.546457227757238	0.7701784611237242	staal.LEMMAPATHweight.PPMIselection.LENGTHFOC.SOCPOSall	1
22	2.308138995002752	1.5992705866205505	3.2485057364728496	0.7701784611237242	staal.LEMMAREL3.PPMIselection.LENGTHFOC.SOCPOSnav	2
26	2.492592909289924	1.872995832494066	3.03848930233104	1.3188953260277694	staal.bound5-5all.PPMIweight.LENGTH5000.SOCPOSnav	3
18	2.747692161982048	1.8236098675714052	3.2887167573312692	0.7813878007632458	staal.LEMMAREL1.PPMIselection.LENGTH5000.SOCPOSnav	4
35	3.3917298861524894	2.272949428136522	3.838504623922579	1.0133400241937578	staal.bound5-5all.PPMIno.LENGTHFOC.SOCPOSall	5
27	3.016267465596008	2.0829070008162063	3.453832234703486	1.0133400241937578	staal.nobound10-10lex.PPMIselection.LENGTHFOC.SOCPOSall	6
22	2.655392366755519	1.690130262655088	3.356072700981653	1.3437264463603276	staal.bound5-5lex.PPMIselection.LENGTHFOC.SOCPOSall	7
32	2.4979886271201455	1.764114275333803	3.204241117279032	1.3099824413470915	staal.bound3-3lex.PPMIselection.LENGTHFOC.SOCPOSall	8
