size	max_diss	av_diss	diameter	separation	medoid	avg.width
26	2.509520028352072	1.7844894402758327	3.2876574307308366	0.8967606201179943	staal.BOWbound5lex.PPMIselection.LENGTHFOC.SOCPOSall	0.19365038169143217
25	3.6565709931125987	2.4878833573233203	4.239348914011422	2.0915829324197244	staal.BOWbound5lex.PPMIweight.LENGTH5000.SOCPOSall	0.17306151500305242
23	3.410797517892133	2.06232435385017	3.768811720834043	1.484021380764137	staal.BOWnobound10lex.PPMIselection.LENGTHFOC.SOCPOSall	0.10917862284094913
40	3.8011179984784285	2.4687817144538924	4.174739629394082	0.8967606201179943	staal.BOWbound5all.PPMIselection.LENGTHFOC.SOCPOSall	0.004037682560237568
26	2.814845145218851	1.712612739920216	3.072118727225889	0.9649001897765381	staal.BOWbound3lex.PPMIselection.LENGTHFOC.SOCPOSall	0.22548529208589838
27	4.037076012434786	2.569293874330062	4.4063296220628505	2.004965053377768	staal.LEMMAREL1.PPMIselection.LENGTH5000.SOCPOSall	0.08742722400738837
27	2.729843895123445	1.7597998407699282	3.3364158151186545	1.5972404348476517	staal.LEMMAREL3.PPMIselection.LENGTHFOC.SOCPOSall	0.25356642285740166
18	3.4174592481718515	1.8744018577832113	4.0160101146751455	1.5972404348476517	staal.LEMMAPATHweight.PPMIselection.LENGTHFOC.SOCPOSall	0.16101095192176787
