size	max_diss	av_diss	diameter	separation	medoid	avg.width
26	2.513353632755486	1.7858564963404424	3.2876574307308366	0.8967606201179943	staal.BOWbound5lex.PPMIselection.LENGTHFOC.SOCPOSall	0.193733270067209
25	3.6567037245632554	2.487537803819087	4.239015844485694	2.0852182439931326	staal.BOWbound5lex.PPMIweight.LENGTH5000.SOCPOSall	0.17406010221459436
23	3.410797517892133	2.062404511092083	3.7689584468714807	1.484021380764137	staal.BOWnobound10lex.PPMIselection.LENGTHFOC.SOCPOSall	0.10917600718411478
40	3.801004831742522	2.4687076796090137	4.174739629394082	0.8967606201179943	staal.BOWbound5all.PPMIselection.LENGTHFOC.SOCPOSall	0.002440804908495539
26	2.8278526940221616	1.7123719674204356	3.071771901569982	0.9650242425766717	staal.BOWbound3lex.PPMIselection.LENGTHFOC.SOCPOSall	0.22557623963494938
29	4.045298171655657	2.593065205553826	4.40217135618179	1.8455075779716439	staal.LEMMAREL1.PPMIselection.LENGTH5000.SOCPOSall	0.07399573043713861
21	3.458052668847475	1.9206904901398383	4.01589782768759	1.1104204519282737	staal.LEMMAPATHweight.PPMIno.LENGTHFOC.SOCPOSnav	0.11424420603146106
22	2.3953792852797124	1.621739503173957	3.3384530608927765	1.1104204519282737	staal.LEMMAREL3.PPMIselection.LENGTHFOC.SOCPOSnav	0.2592045131733133
