size	max_diss	av_diss	diameter	separation	medoid	medoid_i
32	2.7326325730529173	1.8439034097798508	3.393165971426326	0.7813878007632458	staal.LEMMAREL3.PPMIselection.LENGTHFOC.SOCPOSall	1
22	2.5521491870321165	1.750862828121064	3.4402328074709585	1.4822426622758205	staal.LEMMAPATHweight.PPMIselection.LENGTHFOC.SOCPOSall	2
18	2.747692161982048	1.848916421228181	3.2803655061032586	0.7813878007632458	staal.LEMMAREL1.PPMIselection.LENGTH5000.SOCPOSnav	3
28	3.3917298861524894	2.2128330173529256	3.6665187823568943	0.9003060433041848	staal.bound5-5all.PPMIno.LENGTHFOC.SOCPOSall	4
43	2.8970064229050596	1.9848652125633424	3.4547420838876923	0.9003060433041848	staal.bound5-5lex.PPMIweight.LENGTH5000.SOCPOSnav	5
29	3.016267465596008	2.113401013825575	3.453832234703486	1.0133400241937578	staal.nobound10-10lex.PPMIselection.LENGTHFOC.SOCPOSall	6
21	2.6029085469241378	1.8717575546834022	3.394998473069777	0.8319511657890079	staal.nobound3-3all.PPMIselection.LENGTHFOC.SOCPOSall	7
23	2.4979886271201455	1.5987521826196898	3.204241117279032	0.8319511657890079	staal.bound3-3lex.PPMIselection.LENGTHFOC.SOCPOSall	8
