size	max_diss	av_diss	diameter	separation	medoid	medoid_i
27	3.414060383629752	1.7518689927334299	4.508219326071241	0.8349701186751276	grijs.LEMMAREL1.PPMIweight.LENGTH5000.SOCPOSnav	1
31	3.2587669344168955	2.170632806299174	3.886686541394571	0.8349701186751276	grijs.LEMMAPATHweight.PPMIselection.LENGTHFOC.SOCPOSall	2
12	1.7779812442055904	1.171236650332255	1.8915962823212684	2.085885602670432	grijs.LEMMAREL1.PPMIselection.LENGTHFOC.SOCPOSnav	3
28	3.278338723330577	2.5314779772976257	3.76009962559468	1.865028379789064	grijs.bound10-10all.PPMIno.LENGTHFOC.SOCPOSnav	4
29	2.9090049747359386	2.079571540041796	3.5895852373027717	0.7406391399563749	grijs.bound10-10lex.PPMIweight.LENGTH5000.SOCPOSnav	5
33	3.1065937597869024	2.082477657201599	3.724305116921927	0.7406391399563749	grijs.bound5-5lex.PPMIselection.LENGTHFOC.SOCPOSall	6
20	2.7367639262049024	1.9835973729467031	3.294637861221124	1.9059195770352584	grijs.bound3-3all.PPMIselection.LENGTH5000.SOCPOSnav	7
24	2.527331717710673	1.6731164983293818	3.510027903478963	1.753949120027572	grijs.bound3-3lex.PPMIselection.LENGTHFOC.SOCPOSall	8
