size	max_diss	av_diss	diameter	separation	medoid	medoid_i
30	3.414060383629752	1.8695478576258526	4.534207081409222	0.8382505356565775	grijs.LEMMAREL1.PPMIweight.LENGTH5000.SOCPOSnav	1
23	2.8775671416469226	1.9409275783711093	3.669330499328198	0.8382505356565775	grijs.LEMMAPATHweight.PPMIselection.LENGTHFOC.SOCPOSall	2
15	2.8399496855742488	1.4520767871433244	2.9761120697870567	1.1127607673980855	grijs.LEMMAREL1.PPMIselection.LENGTHFOC.SOCPOSall	3
22	2.7648241214724374	2.0504205393679595	3.4975355719379486	1.791837651040664	grijs.bound3-3all.PPMIselection.LENGTH5000.SOCPOSnav	4
28	3.278338723330577	2.5314779772976257	3.76009962559468	1.865028379789064	grijs.bound10-10all.PPMIno.LENGTHFOC.SOCPOSnav	5
29	2.9090049747359386	2.079571540041796	3.5895852373027717	0.7406391399563749	grijs.bound10-10lex.PPMIweight.LENGTH5000.SOCPOSnav	6
33	3.1065937597869024	2.082477657201599	3.724305116921927	0.7406391399563749	grijs.bound5-5lex.PPMIselection.LENGTHFOC.SOCPOSall	7
24	2.527331717710673	1.6731164983293818	3.510027903478963	1.753949120027572	grijs.bound3-3lex.PPMIselection.LENGTHFOC.SOCPOSall	8
