size	max_diss	av_diss	diameter	separation	medoid	avg.width
23	3.1742443361777695	2.095781842694049	4.038459218244184	1.6843792365799335	grijs.BOWbound10all.PPMIweight.LENGTHFOC.SOCPOSnav	0.13052486071207806
40	3.994547412865331	2.8398310770774904	4.819671518791769	1.7820974867955697	grijs.LEMMAREL1.PPMIselection.LENGTH5000.SOCPOSall	0.022198711815032593
30	3.390007514535158	2.1071935667753636	3.6676307608264085	1.6843792365799335	grijs.BOWbound5lex.PPMIselection.LENGTHFOC.SOCPOSall	0.10932097889242808
23	3.948116854814068	2.5423710803158373	4.374785486187612	1.9202162230939757	grijs.BOWbound5all.PPMIno.LENGTHFOC.SOCPOSall	0.09612000756239843
18	2.3540512330734473	1.463382983761591	2.833835524008262	1.8014605025283825	grijs.BOWbound3lex.PPMIselection.LENGTHFOC.SOCPOSall	0.34240074544232585
23	3.3440790993620255	2.0877331100819703	3.9429509032513277	1.1174371076498082	grijs.BOWbound3all.PPMIselection.LENGTHFOC.SOCPOSall	0.11567414547456185
22	3.825802657881513	1.7882179783786827	4.448048505477531	1.803431371889647	grijs.LEMMAREL1.PPMIselection.LENGTHFOC.SOCPOSall	0.20733097778142515
21	3.668081281946234	2.098674095566452	4.172982879464146	1.1174371076498082	grijs.LEMMAPATHweight.PPMIselection.LENGTHFOC.SOCPOSall	0.1374264512709969
