size	max_diss	av_diss	diameter	separation	medoid	avg.width
23	3.1742443361777695	2.095881627930494	4.038459218244184	1.6836730648957516	grijs.BOWbound10all.PPMIweight.LENGTHFOC.SOCPOSnav	0.13295089929541992
40	3.79988994313052	2.837689295438325	4.820180325764887	1.7820974867955697	grijs.LEMMAREL1.PPMIweight.LENGTH5000.SOCPOSall	0.01982679938839805
30	3.3898857018675295	2.107159447259707	3.6673847064789893	1.6836730648957516	grijs.BOWbound5lex.PPMIselection.LENGTHFOC.SOCPOSall	0.10917545885672456
23	3.9479706793717573	2.5423144189897915	4.3749126717103035	1.9202162230939757	grijs.BOWbound5all.PPMIno.LENGTHFOC.SOCPOSall	0.09078876838362242
18	2.3532590605173884	1.4629767185039262	2.8340804344873507	1.8009844993752209	grijs.BOWbound3lex.PPMIselection.LENGTHFOC.SOCPOSall	0.34722026798948025
20	3.3418107789480103	1.9509577050030624	3.9419002194240407	1.8890625693671483	grijs.BOWbound3all.PPMIselection.LENGTHFOC.SOCPOSall	0.17650012243614063
20	3.98373993717022	1.7835619379822318	4.294505136281458	1.9845117097722533	grijs.LEMMAREL1.PPMIselection.LENGTHFOC.SOCPOSall	0.2068600150210142
26	3.5686189356005595	2.183150956364596	4.113238991416106	1.8689638492863574	grijs.LEMMAPATHweight.PPMIselection.LENGTHFOC.SOCPOSall	0.13451939205991129
