size	max_diss	av_diss	diameter	separation	medoid	avg.width
36	3.19187972926891	2.1764328732396625	3.3737812212273792	1.832786006059554	herstellen.BOWbound5lex.PPMIselection.LENGTHFOC.SOCPOSnav	0.15869921751057645
25	3.526837661262988	2.4301285676070457	3.964231519477856	0.9337305290769526	herstellen.BOWbound5lex.PPMIweight.LENGTH5000.SOCPOSall	0.04368564855214002
27	2.5815683422821585	1.9769214174602117	3.211872453996473	1.1940316412410064	herstellen.LEMMAPATHweight.PPMIweight.LENGTHFOC.SOCPOSall	0.2117187374840548
32	3.5759792722046067	2.5800014775451423	3.8497957910630802	2.2847808410474664	herstellen.BOWbound5all.PPMIno.LENGTHFOC.SOCPOSall	0.11541760395355147
20	2.403277245837692	1.6592065844119346	3.354055354881891	1.1786490950165092	herstellen.BOWbound3lex.PPMIselection.LENGTHFOC.SOCPOSnav	0.30777935087102826
21	3.176249847304324	2.1667299465061554	3.707208905234414	0.9337305290769526	herstellen.BOWbound3all.PPMIselection.LENGTHFOC.SOCPOSall	0.16532613106146496
16	2.890867995984475	2.107948212308012	3.3407174945196387	1.2995671940670266	herstellen.LEMMAREL1.PPMIselection.LENGTH5000.SOCPOSnav	0.19700849905018475
27	3.1604718437214085	2.080418718290009	3.6541033248762993	1.1940316412410064	herstellen.LEMMAPATHweight.PPMIno.LENGTHFOC.SOCPOSnav	0.1604395916140675
