size	max_diss	av_diss	diameter	separation	medoid	medoid_i
30	2.5904230394338428	1.9252229540947245	3.189647941484711	1.2416725606600214	herstellen.LEMMAPATHweight.PPMIno.LENGTHFOC.SOCPOSall	1
30	2.544122764973771	1.8367259735951413	2.935055630377096	1.0827298802023255	herstellen.LEMMAPATHweight.PPMIweight.LENGTH5000.SOCPOSall	2
14	2.5514668858253646	1.7632353624876154	3.065072757550969	1.2416725606600214	herstellen.LEMMAREL1.PPMIselection.LENGTH5000.SOCPOSall	3
16	2.7115693994248975	2.0900718199388466	3.3571921760925445	1.940534592575597	herstellen.nobound10-10all.PPMIno.LENGTHFOC.SOCPOSnav	4
20	2.656858227991251	1.983302420080958	3.151412699525739	1.940534592575597	herstellen.bound5-5all.PPMIselection.LENGTH5000.SOCPOSall	5
46	2.9880262113439953	2.168839078506712	3.595522666866232	1.0827298802023255	herstellen.bound5-5lex.PPMIselection.LENGTHFOC.SOCPOSnav	6
20	2.625603454096582	1.8567764325297003	3.037619939638157	1.6682056640461609	herstellen.bound3-3all.PPMIselection.LENGTH5000.SOCPOSall	7
28	2.5513992020706566	1.7960013069418086	3.4085714569837746	1.6682056640461609	herstellen.bound3-3lex.PPMIselection.LENGTHFOC.SOCPOSall	8
