size	max_diss	av_diss	diameter	separation	medoid	avg.width
30	2.826358628716143	2.1729733894256196	3.5993589725212214	0.8642996570403809	herstellen.BOWbound10all.PPMIweight.LENGTHFOC.SOCPOSall	0.11048801644040288
24	3.527745237865184	2.4158647621252176	3.9653505461079477	0.9338009906278789	herstellen.BOWbound5lex.PPMIweight.LENGTH5000.SOCPOSall	0.05436127935153293
33	3.1906057206980267	2.15598939678009	3.3730648661280744	0.8642996570403809	herstellen.BOWbound5lex.PPMIselection.LENGTHFOC.SOCPOSnav	0.15425548439822562
28	3.5759792722046067	2.548080392303064	3.8497957910630802	1.8322700421941838	herstellen.BOWbound5all.PPMIno.LENGTHFOC.SOCPOSall	0.11179536897930793
20	2.40217917203665	1.6593768695611473	3.3529821811639975	1.1776006115090492	herstellen.BOWbound3lex.PPMIselection.LENGTHFOC.SOCPOSnav	0.3064937542361379
21	3.17532377193795	2.1666263064773594	3.706714670615363	0.9338009906278789	herstellen.BOWbound3all.PPMIselection.LENGTHFOC.SOCPOSall	0.16370219241414233
29	3.1604718437214085	2.1746811714209553	3.65516818498168	1.1966876026811797	herstellen.LEMMAPATHweight.PPMIno.LENGTHFOC.SOCPOSnav	0.1596299560762932
15	2.941514467206319	2.04666227799766	3.2995696358616837	1.1966876026811797	herstellen.LEMMAREL1.PPMIselection.LENGTHFOC.SOCPOSall	0.22477182323909486
