size	max_diss	av_diss	diameter	separation	medoid	avg.width
35	3.3334827210224924	2.354776506124053	3.522799703065446	1.6356581044246692	haten.BOWbound5lex.PPMIselection.LENGTHFOC.SOCPOSall	0.08974216615166232
28	3.564767681494928	2.4593038197394486	4.1304708197929925	1.79097835384541	haten.BOWbound3lex.PPMIselection.LENGTH5000.SOCPOSall	0.04372638054349013
31	3.0132800446846324	2.273394545089377	3.5979679845304715	1.7685922890763983	haten.BOWbound5all.PPMIweight.LENGTHFOC.SOCPOSall	0.1072237458020341
29	3.4557627468350502	2.33385660615114	3.6469947949295056	1.6936453721299725	haten.LEMMAPATHweight.PPMIselection.LENGTHFOC.SOCPOSall	0.12103618336331019
14	3.24197178077972	2.3068304108412474	3.7623634929775704	2.007303323685754	haten.LEMMAPATHweight.PPMIselection.LENGTH5000.SOCPOSall	0.12708492156177761
20	3.1931579609507597	2.153762804575968	3.376204480647169	1.7685922890763983	haten.BOWbound3all.PPMIno.LENGTHFOC.SOCPOSall	0.18557280269879603
20	3.5823354540733128	1.8473889579623641	3.792412546397804	1.6356581044246692	haten.BOWbound3lex.PPMIselection.LENGTHFOC.SOCPOSall	0.2309364900253456
23	2.939995097405333	2.1463475547487847	3.4582264601014994	1.79097835384541	haten.LEMMAREL1.PPMIselection.LENGTHFOC.SOCPOSall	0.20597377009629092
