size	max_diss	av_diss	diameter	separation	medoid	medoid_i
28	3.2503219055077976	1.9858261990026496	3.573832022162356	1.0156851951546422	haten.LEMMAPATHweight.PPMIno.LENGTHFOC.SOCPOSall	1
35	2.975897014281915	2.1559978315450454	3.280782514760141	1.0156851951546422	haten.bound5-5all.PPMIweight.LENGTH5000.SOCPOSall	2
24	2.7152616350485186	1.9545517149373934	3.0231466762725603	1.9332669891228491	haten.LEMMAREL1.PPMIselection.LENGTH5000.SOCPOSall	3
28	3.2707814875913837	2.3250459666959276	3.505457464199852	1.3396611181722606	haten.bound5-5all.PPMIno.LENGTH5000.SOCPOSall	4
34	2.8455805962562715	2.1371530867197723	3.3565965919104266	0.9143510768152374	haten.bound5-5lex.PPMIselection.LENGTH5000.SOCPOSnav	5
15	3.1006871771839823	2.0872628957836583	3.583906929187572	1.111002813423824	haten.nobound10-10lex.PPMIselection.LENGTHFOC.SOCPOSall	6
24	2.665191433715356	1.873106847539061	3.3469171279481458	0.9143510768152374	haten.bound3-3lex.PPMIselection.LENGTHFOC.SOCPOSall	7
16	2.4038064585616694	1.6846377683322487	2.563189454828532	2.0216411603616384	haten.nobound3-3all.PPMIselection.LENGTH5000.SOCPOSall	8
