size	max_diss	av_diss	diameter	separation	medoid	medoid_i
32	3.3243768192718375	2.108850978926347	3.687500596211829	1.3396611181722606	haten.LEMMAPATH3.PPMIselection.LENGTH5000.SOCPOSall	1
14	2.5595691842392636	1.6613705837128536	2.8122957489995524	1.4665599067838535	haten.bound3-3all.PPMIweight.LENGTH5000.SOCPOSall	2
24	2.720260788153922	1.9493969597249048	3.3565237860654227	1.4665599067838535	haten.LEMMAPATHweight.PPMIweight.LENGTHFOC.SOCPOSall	3
22	2.570473407324035	1.886352407746026	3.025158830200639	1.6575811289874025	haten.LEMMAREL1.PPMIselection.LENGTH5000.SOCPOSall	4
22	3.2526666184138127	2.1971234106075275	3.4148941586526154	1.3396611181722606	haten.bound5-5all.PPMIno.LENGTHFOC.SOCPOSall	5
34	3.3168757874221844	2.354279710545282	3.632543806843678	1.5769683616027252	haten.bound10-10lex.PPMIselection.LENGTHFOC.SOCPOSall	6
18	2.610943174625082	1.7838681632550315	3.1032272039882387	1.675298526854325	haten.nobound3-3all.PPMIselection.LENGTH5000.SOCPOSall	7
38	3.0143635037700713	2.059818385160875	3.240482527902736	1.5769683616027252	haten.bound3-3lex.PPMIselection.LENGTH5000.SOCPOSnav	8
