size	max_diss	av_diss	diameter	separation	medoid	avg.width
19	3.4373103276058132	2.315023982827504	3.7859621371004972	1.0755101854515186	blik.BOWbound10lex.PPMIselection.LENGTHFOC.SOCPOSall	0.1321580436131462
18	3.9078778420673848	2.439368469197521	4.018926034036744	2.6375657730415747	blik.BOWbound3lex.PPMIselection.LENGTH5000.SOCPOSall	0.17611080407741475
24	2.961460438368975	2.185674110980142	3.562243405130665	1.7034334108668334	blik.BOWbound5all.PPMIweight.LENGTH5000.SOCPOSnav	0.18613033055275488
32	4.071902667576074	2.6409402948082783	4.1140020514880575	2.259070229772519	blik.BOWbound5all.PPMIselection.LENGTHFOC.SOCPOSall	0.11525231696097935
35	3.3136396826902317	2.178230503436474	3.49916166323954	1.0755101854515186	blik.BOWbound3lex.PPMIselection.LENGTHFOC.SOCPOSall	0.20564295756861856
20	3.0983654997026226	2.0271200018340356	3.7462944348527203	1.8871704559869715	blik.BOWbound3all.PPMIselection.LENGTHFOC.SOCPOSall	0.2191104934799708
28	3.299222378453334	2.184074195322041	3.931403363712398	1.8210320433277436	blik.LEMMAPATHweight.PPMIselection.LENGTHFOC.SOCPOSall	0.12641509384233798
36	3.0755310376849425	2.2342273148521326	3.6487129280860215	1.7034334108668334	blik.LEMMAREL2.PPMIselection.LENGTHFOC.SOCPOSall	0.16507768028224826
