size	max_diss	av_diss	diameter	separation	medoid	medoid_i
40	3.0128632209452237	2.0878596834167142	3.570843104406369	1.7253648891230846	blik.LEMMAREL2.PPMIselection.LENGTH5000.SOCPOSnav	1
27	2.9510205579167588	2.0863771014980546	3.737809871580889	0.9175624114760406	blik.LEMMAPATH3.PPMIselection.LENGTHFOC.SOCPOSall	2
28	2.6798877706423196	1.985416234846629	3.188434177233604	1.1542362269149755	blik.bound5-5all.PPMIweight.LENGTH5000.SOCPOSnav	3
19	3.668243249199765	2.5648157830518503	4.314770471024235	1.083357120701442	blik.nobound10-10all.PPMIno.LENGTHFOC.SOCPOSnav	4
19	2.6964080456808137	1.9709109762931336	3.28453676214935	0.9175624114760406	blik.bound5-5all.PPMIselection.LENGTH5000.SOCPOSnav	5
33	3.548537765525293	2.205582750654229	3.7079264255800273	1.083357120701442	blik.bound3-3lex.PPMIselection.LENGTH5000.SOCPOSnav	6
34	3.092668949829612	2.172542681639812	3.9569508402446383	1.1542362269149755	blik.bound3-3lex.PPMIselection.LENGTHFOC.SOCPOSnav	7
16	2.4819201698272666	1.6685147420328823	2.685528743738788	2.173922413999917	blik.bound3-3all.PPMIno.LENGTH5000.SOCPOSnav	8
