size	max_diss	av_diss	diameter	separation	medoid	avg.width
19	3.4373103276058132	2.31498461380662	3.7853202463656865	1.0755101854515186	blik.BOWbound10lex.PPMIselection.LENGTHFOC.SOCPOSall	0.13188092288087425
18	3.9000553093246464	2.4318419041550867	4.0192828132655025	2.6375657730415747	blik.BOWbound3lex.PPMIselection.LENGTH5000.SOCPOSall	0.17655231814223937
24	2.9628120879569693	2.185362270915998	3.56094698201577	1.7017929256058764	blik.BOWbound5all.PPMIweight.LENGTH5000.SOCPOSnav	0.17843795796463888
24	3.9517683378147823	2.607474513372767	4.092506743671134	1.7420432966087616	blik.BOWbound5all.PPMIno.LENGTH5000.SOCPOSnav	0.08431091114868612
26	3.1561369048088803	2.2165049304523503	3.9312212585197255	1.5597709313773391	blik.LEMMAPATHweight.PPMIselection.LENGTHFOC.SOCPOSall	0.10558576964584554
35	3.3095173274831304	2.1771309326066324	3.4995233705684194	1.0755101854515186	blik.BOWbound3lex.PPMIselection.LENGTHFOC.SOCPOSall	0.20563185014529242
24	3.097777626601103	2.099163079514838	3.7471555813027564	1.8087181584243563	blik.BOWbound3all.PPMIselection.LENGTHFOC.SOCPOSall	0.17884656513146982
42	3.1582822867912697	2.302584284688754	3.8030122511881506	1.5597709313773391	blik.LEMMAREL2.PPMIselection.LENGTH5000.SOCPOSnav	0.164788373247025
