size	max_diss	av_diss	diameter	separation	medoid	medoid_i
28	2.9033995544493685	2.0957307034393318	3.839378682753309	1.3722019316230687	stof.LEMMAPATHweight.PPMIno.LENGTHFOC.SOCPOSall	1
38	2.840037182698585	2.209545523192774	3.7642151484445407	1.7936253668754685	stof.LEMMAREL2.PPMIselection.LENGTHFOC.SOCPOSall	2
32	2.714022579689604	2.0456664580842556	3.332062311133573	1.3722019316230687	stof.bound10-10all.PPMIweight.LENGTHFOC.SOCPOSall	3
19	3.4652060685954855	2.2027671535365303	3.573282619261808	0.9170387863070664	stof.bound5-5all.PPMIno.LENGTH5000.SOCPOSnav	4
19	3.436639498988609	2.2251535055723446	3.89315699073861	0.9170387863070664	stof.nobound10-10lex.PPMIno.LENGTHFOC.SOCPOSnav	5
32	2.787034946719894	1.9593243247829955	3.40341884759023	1.5553206162511468	stof.bound5-5lex.PPMIselection.LENGTHFOC.SOCPOSall	6
23	2.800460763402252	2.008413802619865	3.645647334718334	0.6881414616763788	stof.bound3-3all.PPMIselection.LENGTHFOC.SOCPOSall	7
25	2.5186810895709346	1.751756479781276	3.441516941647762	0.6881414616763788	stof.bound3-3lex.PPMIselection.LENGTHFOC.SOCPOSall	8
