size	max_diss	av_diss	diameter	separation	medoid	avg.width
25	2.8339908667592923	2.0299059895005014	3.564908204079376	1.553261813597179	stof.BOWbound10all.PPMIweight.LENGTHFOC.SOCPOSall	0.13652487627518484
25	4.158177221407454	2.8454499815672794	4.437977005335628	2.2519050436643537	stof.BOWbound5lex.PPMIweight.LENGTH5000.SOCPOSall	0.14506318968512721
30	3.3962538766228434	2.092967442436619	3.658211225247831	1.553261813597179	stof.BOWbound5lex.PPMIselection.LENGTHFOC.SOCPOSall	0.13616827126127734
26	3.5522358305709876	2.397296203703665	3.8787272726937516	1.36291552766356	stof.BOWbound5all.PPMIno.LENGTHFOC.SOCPOSnav	0.09141356974847326
28	4.342630088929233	2.9550428572421743	4.71311260975177	2.2519050436643537	stof.LEMMAPATHweight.PPMIselection.LENGTH5000.SOCPOSall	0.07993091041507268
28	3.0202168732037746	1.8959163521905968	3.342328284265243	1.466344729044258	stof.BOWbound3lex.PPMIselection.LENGTHFOC.SOCPOSall	0.2213078443499555
21	3.2588509298925983	2.0265510120664794	3.673693157916389	1.36291552766356	stof.LEMMAPATHweight.PPMIno.LENGTHFOC.SOCPOSnav	0.17935870628625578
29	2.8657475751167607	2.1132660221044257	3.7621330738060674	2.165993171489298	stof.LEMMAREL2.PPMIselection.LENGTHFOC.SOCPOSall	0.2026804824405967
