size	max_diss	av_diss	diameter	separation	medoid	medoid_i
20	2.902720816563111	1.8746174207968984	3.542659805764958	1.7289025554191486	stof.LEMMAREL2.PPMIselection.LENGTH5000.SOCPOSall	1
22	2.858496698445009	1.9699794481417634	3.855104734551861	1.7289025554191486	stof.LEMMAPATHweight.PPMIselection.LENGTHFOC.SOCPOSall	2
34	2.8366506963356226	2.1089080039464765	3.3753685364467154	1.4203750741333838	stof.bound5-5all.PPMIweight.LENGTH5000.SOCPOSnav	3
24	2.840429059589373	2.0115832044283137	3.334103846034989	1.978569415246031	stof.LEMMAREL2.PPMIselection.LENGTHFOC.SOCPOSall	4
28	3.357724800730833	2.415520349795672	3.937787881038693	1.647635991792786	stof.bound10-10all.PPMIno.LENGTHFOC.SOCPOSnav	5
36	3.011325185315134	2.072714346244509	3.487387039067063	1.4203750741333838	stof.bound5-5lex.PPMIselection.LENGTHFOC.SOCPOSall	6
20	3.095242136608453	2.1000549108740643	3.394401313042377	1.466344729044258	stof.bound3-3all.PPMIno.LENGTH5000.SOCPOSnav	7
32	2.5186810895709346	1.8838120184465341	3.4421630917240935	1.466344729044258	stof.bound3-3lex.PPMIselection.LENGTHFOC.SOCPOSall	8
