size	max_diss	av_diss	diameter	separation	medoid	avg.width
25	2.8339908667592923	2.029905297094826	3.564908204079376	1.5552308582652643	stof.BOWbound10all.PPMIweight.LENGTHFOC.SOCPOSall	0.13630848122316094
26	4.16083974082437	2.8754061594834415	4.477281355180006	2.32197014898422	stof.BOWbound5lex.PPMIweight.LENGTH5000.SOCPOSall	0.14055168359440434
30	3.394516516007104	2.092283129631092	3.6592592206072743	1.5552308582652643	stof.BOWbound5lex.PPMIselection.LENGTHFOC.SOCPOSall	0.13609895937646005
26	3.5522358305709876	2.397296203703665	3.8787272726937516	1.3641972719119027	stof.BOWbound5all.PPMIno.LENGTHFOC.SOCPOSnav	0.09129517229078046
26	4.2243029777405425	2.9735141820340285	4.71645255242241	1.1604058101506405	stof.LEMMAPATHweight.PPMIno.LENGTH5000.SOCPOSall	0.08860142194556155
28	3.015031048065931	1.8938337444310296	3.342328284265243	1.466344729044258	stof.BOWbound3lex.PPMIselection.LENGTHFOC.SOCPOSall	0.22126846898949373
21	3.291785980735522	2.112058548839444	3.6730977624981294	1.3641972719119027	stof.LEMMAPATHweight.PPMIno.LENGTHFOC.SOCPOSall	0.1844433696100222
30	3.7023979016338764	2.162713111936735	4.1175432026903875	1.1604058101506405	stof.LEMMAREL2.PPMIselection.LENGTHFOC.SOCPOSall	0.2003211805466841
