size	max_diss	av_diss	diameter	separation	medoid	medoid_i
30	3.200038086198704	2.0486369048469135	3.5419407548160637	0.8421267312454006	gekleurd.LEMMAPATHweight.PPMIselection.LENGTHFOC.SOCPOSall	1
28	2.6673512343953294	1.76479277195463	2.9902760001415127	1.6437477989567142	gekleurd.LEMMAREL1.PPMIselection.LENGTH5000.SOCPOSnav	2
40	2.402977231903033	1.7907257563717747	3.096192867863534	0.8421267312454006	gekleurd.bound3-3lex.PPMIweight.LENGTH5000.SOCPOSnav	3
14	2.8365214734351087	2.090282089286861	3.700807335997303	1.6003486961177016	gekleurd.bound10-10all.PPMIno.LENGTHFOC.SOCPOSall	4
24	2.94837082989297	2.069477892980177	3.4935150533348973	1.6003486961177016	gekleurd.bound5-5all.PPMIselection.LENGTH5000.SOCPOSnav	5
28	3.2655083747148352	1.9539642568735345	3.705863403579481	1.4484434275442426	gekleurd.nobound10-10lex.PPMIweight.LENGTH5000.SOCPOSnav	6
28	2.806194740506358	1.7848971140694627	3.3070492291736096	0.92448126435387	gekleurd.bound5-5lex.PPMIselection.LENGTHFOC.SOCPOSall	7
12	2.3007119326955454	1.5116589680316654	2.9885356001070145	1.72780337303627	gekleurd.bound3-3all.PPMIno.LENGTHFOC.SOCPOSnav	8
