size	max_diss	av_diss	diameter	separation	medoid	avg.width
21	3.440331114831423	1.9780542044608571	3.625736585838326	0.9101356239967137	gekleurd.BOWnobound10lex.PPMIweight.LENGTHFOC.SOCPOSall	0.12443541934572816
30	3.907042215949084	2.4886570964317563	4.303368554725717	2.050537866195871	gekleurd.BOWbound3lex.PPMIweight.LENGTH5000.SOCPOSall	0.14971972762421698
28	3.053860393217055	1.8379745506897378	3.4637789934410232	1.4487185645938916	gekleurd.BOWbound5lex.PPMIselection.LENGTHFOC.SOCPOSall	0.11077342120596899
35	3.6019749887911083	2.345988104329364	3.840893014408195	0.9101356239967137	gekleurd.BOWbound5all.PPMIselection.LENGTHFOC.SOCPOSall	0.07187887466547216
20	3.9868058671997413	2.8289827098642095	4.205290723766867	2.050537866195871	gekleurd.BOWbound5all.PPMIselection.LENGTH5000.SOCPOSall	0.06971211383163149
24	2.601471992351484	1.5570259341257155	2.8688428919567914	1.5055091875502296	gekleurd.BOWbound3lex.PPMIselection.LENGTHFOC.SOCPOSall	0.2847670326668175
22	3.046563634219942	1.9334957944117228	3.461611405420403	1.6477970075495598	gekleurd.LEMMAPATHselection3.PPMIselection.LENGTHFOC.SOCPOSall	0.19610752654676178
20	2.515174806804408	1.6526009065269895	2.8620861969836686	1.6477970075495598	gekleurd.LEMMAREL2.PPMIselection.LENGTHFOC.SOCPOSnav	0.3039674152702957
