size	max_diss	av_diss	diameter	separation	medoid	medoid_i
34	3.2496984333131853	2.0783710341527577	3.723878660152553	1.2846815099920232	gekleurd.LEMMAPATHweight.PPMIselection.LENGTHFOC.SOCPOSnav	1
40	2.402977231903033	1.7893293500409175	3.096192867863534	0.92448126435387	gekleurd.bound3-3lex.PPMIweight.LENGTH5000.SOCPOSnav	2
24	2.259735676652514	1.635967729363215	2.626239196416713	2.27385110033962	gekleurd.LEMMAREL1.PPMIselection.LENGTH5000.SOCPOSnav	3
14	2.8365214734351087	2.090282089286861	3.700807335997303	1.6003486961177016	gekleurd.bound10-10all.PPMIno.LENGTHFOC.SOCPOSall	4
24	2.94837082989297	2.069477892980177	3.4935150533348973	1.6003486961177016	gekleurd.bound5-5all.PPMIselection.LENGTH5000.SOCPOSnav	5
28	3.2655083747148352	1.9539642568735345	3.705863403579481	1.4484434275442426	gekleurd.nobound10-10lex.PPMIweight.LENGTH5000.SOCPOSnav	6
28	2.806194740506358	1.7848971140694627	3.3070492291736096	0.92448126435387	gekleurd.bound5-5lex.PPMIselection.LENGTHFOC.SOCPOSall	7
12	2.3007119326955454	1.5116589680316654	2.9885356001070145	1.72780337303627	gekleurd.bound3-3all.PPMIno.LENGTHFOC.SOCPOSnav	8
