size	max_diss	av_diss	diameter	separation	medoid	avg.width
27	2.985447100600976	1.8860889835846013	3.352856176706603	1.2791821813592439	gekleurd.BOWbound10lex.PPMIweight.LENGTHFOC.SOCPOSall	0.1498870416173643
32	3.907042215949084	2.5002919714174903	4.3017075014884645	2.147102305569962	gekleurd.BOWbound3lex.PPMIweight.LENGTH5000.SOCPOSall	0.144244579405027
27	3.917390479327096	2.3206689119696677	4.259355303862697	1.3881907042284993	gekleurd.BOWbound5all.PPMIselection.LENGTHFOC.SOCPOSall	0.044424572823766606
14	3.8705195271212283	2.370579618004812	4.334263818114638	1.7831399099818592	gekleurd.BOWnobound10all.PPMIno.LENGTHFOC.SOCPOSnav	0.09154846747386082
32	2.900049548688355	1.7745389534652471	3.328748660895091	0.9667996773224494	gekleurd.BOWbound3lex.PPMIselection.LENGTHFOC.SOCPOSall	0.20591872325830662
20	3.820080324323001	2.0185190298470315	4.124273576753942	0.9667996773224494	gekleurd.BOWbound3all.PPMIselection.LENGTHFOC.SOCPOSall	0.1592173351972908
30	3.836298698759971	2.2235762713428984	4.1632243985356805	2.0199627611075743	gekleurd.LEMMAPATHweight.PPMIselection.LENGTHFOC.SOCPOSall	0.10963268756719825
18	2.3428004266766655	1.5627555757000604	2.6139953536545155	2.2342814841924397	gekleurd.LEMMAREL2.PPMIselection.LENGTHFOC.SOCPOSnav	0.384660026107748
