size	max_diss	av_diss	diameter	separation	medoid	medoid_i
32	3.1318979631261343	2.0962307233284134	3.5648409583072618	1.9315120922203648	goedkoop.LEMMAPATHweight.PPMIselection.LENGTHFOC.SOCPOSall	1
28	2.959077292157118	1.762519455182946	3.41890817116898	1.9315120922203648	goedkoop.LEMMAREL1.PPMIselection.LENGTH5000.SOCPOSnav	2
22	2.9512282005145	2.255300531616569	3.785059287193123	1.5834607519293171	goedkoop.bound5-5all.PPMIno.LENGTHFOC.SOCPOSall	3
24	2.849204624135929	2.1549226685313605	3.5539597992817464	1.5399098025080622	goedkoop.bound10-10all.PPMIweight.LENGTHFOC.SOCPOSall	4
22	3.2189562829172886	2.423445552504364	3.93246277388993	1.5399098025080622	goedkoop.nobound10-10lex.PPMIno.LENGTHFOC.SOCPOSall	5
28	2.797854289617185	2.057247165075208	3.488420812496043	1.7898825472163449	goedkoop.bound5-5lex.PPMIselection.LENGTHFOC.SOCPOSall	6
24	2.7242182028121613	1.9798069023942575	3.4514602115604616	1.7813160939317685	goedkoop.bound3-3all.PPMIselection.LENGTHFOC.SOCPOSall	7
24	2.2907341314174348	1.6912087951742938	2.83487354997734	1.7813160939317685	goedkoop.bound3-3lex.PPMIselection.LENGTHFOC.SOCPOSall	8
