size	max_diss	av_diss	diameter	separation	medoid	avg.width
38	3.266944991383948	2.341264697200336	3.9143435424677984	0.9058226649723422	goedkoop.BOWbound5lex.PPMIselection.LENGTHFOC.SOCPOSnav	0.10553501412578666
24	3.5674934015178397	2.665167848769214	4.227319334071206	1.7811566052909713	goedkoop.BOWbound5lex.PPMIselection.LENGTH5000.SOCPOSall	0.09718917306723218
25	3.2411341163069456	2.2233952143863913	3.7328169949359395	1.7259254812044185	goedkoop.LEMMAPATHweight.PPMIselection.LENGTHFOC.SOCPOSall	0.17577919084139443
28	3.8358018657742265	2.748954701932411	4.2851373644124395	1.829826329984265	goedkoop.BOWnobound10all.PPMIselection.LENGTHFOC.SOCPOSnav	0.07024359269808174
20	3.7774593493307957	2.682851590232551	4.36304132651177	1.7811566052909713	goedkoop.LEMMAREL1.PPMIselection.LENGTH5000.SOCPOSall	0.022536644883177248
27	3.5281160118383132	2.2981760850988433	3.953116542352577	0.9058226649723422	goedkoop.BOWbound3all.PPMIselection.LENGTHFOC.SOCPOSall	0.06829437042215701
18	2.317761960608112	1.5943599167729512	2.8152055354128596	1.7905259099614326	goedkoop.BOWbound3lex.PPMIselection.LENGTHFOC.SOCPOSall	0.3985205137353507
20	2.9083666350231256	1.687408400956366	3.3299278682935496	1.9360828951441873	goedkoop.LEMMAREL1.PPMIselection.LENGTHFOC.SOCPOSall	0.36022676504315876
