size	max_diss	av_diss	diameter	separation	medoid	avg.width
28	3.266944991383948	2.1694220613247923	3.9143435424677984	0.6740795563623466	goedkoop.BOWbound5lex.PPMIselection.LENGTHFOC.SOCPOSnav	0.14984574554568805
25	3.4846699674512056	2.6825257836165104	4.133862515930009	1.0478803511958694	goedkoop.BOWbound5lex.PPMIweight.LENGTH5000.SOCPOSall	0.09144167779176161
22	3.7147269291869462	2.592872764296521	4.181504477993522	0.6740795563623466	goedkoop.BOWnobound10lex.PPMIselection.LENGTHFOC.SOCPOSall	0.08653635979262884
29	3.688918160043923	2.5609965713409397	4.17912927741326	0.8722635247512367	goedkoop.BOWbound5all.PPMIselection.LENGTHFOC.SOCPOSall	0.061643973883250866
25	3.9355617220620416	2.077964114801483	4.221980963116031	1.0478803511958694	goedkoop.LEMMAREL1.PPMIselection.LENGTHFOC.SOCPOSall	0.2181446715342505
18	2.3186313369517726	1.5918853734771081	2.8160128503386805	1.789841809341481	goedkoop.BOWbound3lex.PPMIselection.LENGTHFOC.SOCPOSall	0.3853780914121188
22	3.7611121610807006	2.19840645130412	3.9719622665571257	1.789841809341481	goedkoop.BOWbound3all.PPMIselection.LENGTHFOC.SOCPOSall	0.10618038170239083
31	3.607008196286486	2.3142067560031694	3.968029476325455	2.054460090879991	goedkoop.LEMMAPATHweight.PPMIselection.LENGTHFOC.SOCPOSall	0.18277580216057923
