size	max_diss	av_diss	diameter	separation	medoid	medoid_i
30	2.7572446041321226	1.8987283591627069	3.2855067655972636	0.9262375970149758	hemels.LEMMAPATHweight.PPMIselection.LENGTHFOC.SOCPOSall	1
16	2.212649934751892	1.2153633488252276	2.446994747499009	0.9262375970149758	hemels.LEMMAREL1.PPMIselection.LENGTH5000.SOCPOSnav	2
14	2.0326750627346457	1.195538142499777	2.3012303958232763	1.6478390705437258	hemels.LEMMAREL1.PPMIselection.LENGTHFOC.SOCPOSall	3
16	2.645563924030814	2.056443646707397	3.297556783061951	1.6764395726478034	hemels.nobound10-10all.PPMIno.LENGTHFOC.SOCPOSnav	4
24	2.795729140503433	1.946170916086827	3.3907990319260453	1.5077616439781052	hemels.bound5-5all.PPMIselection.LENGTHFOC.SOCPOSall	5
45	2.901256198180284	1.9800149717983115	3.3192647891983893	0.7675396857325789	hemels.bound10-10lex.PPMIweight.LENGTH5000.SOCPOSnav	6
16	2.1850032383018534	1.570931286135875	2.647869966399166	1.8544176653758797	hemels.nobound3-3all.PPMIno.LENGTHFOC.SOCPOSall	7
43	2.4800836745422585	1.7540533973903858	2.9663882131761574	0.7675396857325789	hemels.bound3-3lex.PPMIselection.LENGTHFOC.SOCPOSall	8
