size	max_diss	av_diss	diameter	separation	medoid	avg.width
42	2.7682778118085216	1.8898596695347964	3.021026771034852	1.5315062914200206	hemels.BOWbound5lex.PPMIselection.LENGTHFOC.SOCPOSall	0.13538124301119728
24	3.3271272653425537	2.0974055313560265	3.5366561688868243	2.296078228013159	hemels.BOWbound5lex.PPMIweight.LENGTH5000.SOCPOSall	0.20295325727876934
30	3.3683696137494796	2.4275086076660197	3.805568506962382	1.762106868345697	hemels.BOWbound10all.PPMIno.LENGTHFOC.SOCPOSnav	0.0580346222362672
26	3.2039664574922355	2.0589857584322027	3.486475604781035	1.6302432863792768	hemels.BOWbound3all.PPMIselection.LENGTHFOC.SOCPOSall	0.09959826566657412
22	2.2669460089411686	1.4083823875000836	2.7341589609167745	1.5315062914200206	hemels.BOWbound3lex.PPMIselection.LENGTHFOC.SOCPOSall	0.31135307482506974
21	2.495454002050855	1.5382833563005334	2.77873426852894	1.647524288789192	hemels.LEMMAREL1.PPMIselection.LENGTHFOC.SOCPOSall	0.30098565469439076
11	3.1423250034598915	1.661719022101626	3.3654987056584886	1.599962700112017	hemels.LEMMAREL1.PPMIselection.LENGTH5000.SOCPOSall	0.2118535909345687
24	3.1744281697504597	1.9256524048936636	3.6224319132007907	1.599962700112017	hemels.LEMMAPATHweight.PPMIselection.LENGTHFOC.SOCPOSall	0.13437550002648957
