size	max_diss	av_diss	diameter	separation	medoid	avg.width
42	2.7687415980844676	1.8897704768484156	3.021026771034852	1.5354406170567005	hemels.BOWbound5lex.PPMIselection.LENGTHFOC.SOCPOSall	0.1357396831648944
24	3.3262760039650403	2.0966826436441326	3.5366561688868243	2.2841026432929428	hemels.BOWbound5lex.PPMIweight.LENGTH5000.SOCPOSall	0.2040663204425267
30	3.3683696137494796	2.4275086076660197	3.805568506962382	1.762106868345697	hemels.BOWbound10all.PPMIno.LENGTHFOC.SOCPOSnav	0.058044293231280415
26	3.2039664574922355	2.0589857584322027	3.486475604781035	1.6372999435649425	hemels.BOWbound3all.PPMIselection.LENGTHFOC.SOCPOSall	0.09940402899978237
22	2.262772348505816	1.405331607484612	2.7341589609167745	1.5354406170567005	hemels.BOWbound3lex.PPMIselection.LENGTHFOC.SOCPOSall	0.31095275914206316
26	2.8573716505696014	1.9085323458041512	3.4598011080846955	1.0094593513256975	hemels.LEMMAPATHweight.PPMIselection.LENGTHFOC.SOCPOSall	0.11325428305032578
11	3.2885003338806182	1.7098967373455183	3.410038829559441	2.0159921903169193	hemels.LEMMAREL1.PPMIselection.LENGTH5000.SOCPOSall	0.20520509789725458
19	2.3354565989299347	1.460987034858368	2.6269396476024935	1.0094593513256975	hemels.LEMMAREL1.PPMIselection.LENGTHFOC.SOCPOSnav	0.3385276914714123
