size	max_diss	av_diss	diameter	separation	medoid	medoid_i
29	2.8532864409181213	1.876885752860355	3.3643788366995553	1.0155514645019377	hemels.LEMMAPATHweight.PPMIselection.LENGTHFOC.SOCPOSall	1
18	2.318292359445756	1.302364331386305	2.4638271036615027	1.7342841287585131	hemels.LEMMAREL1.PPMIselection.LENGTH5000.SOCPOSnav	2
13	2.01940667564369	1.1349815217442951	2.2772743244377303	1.0155514645019377	hemels.LEMMAREL1.PPMIselection.LENGTHFOC.SOCPOSall	3
16	2.645563924030814	2.056443646707397	3.297556783061951	1.6764395726478034	hemels.nobound10-10all.PPMIno.LENGTHFOC.SOCPOSnav	4
24	2.795729140503433	1.946170916086827	3.3907990319260453	1.5056396864141293	hemels.bound5-5all.PPMIselection.LENGTHFOC.SOCPOSall	5
45	2.901256198180284	1.9800726438964504	3.3192647891983893	0.7695030823058344	hemels.bound10-10lex.PPMIweight.LENGTH5000.SOCPOSnav	6
16	2.186163212444649	1.5710772849575185	2.647869966399166	1.855268298262209	hemels.nobound3-3all.PPMIno.LENGTHFOC.SOCPOSall	7
43	2.4759432527798797	1.7521109386831368	2.9663882131761574	0.7695030823058344	hemels.bound3-3lex.PPMIselection.LENGTHFOC.SOCPOSall	8
