size	max_diss	av_diss	diameter	separation	medoid	medoid_i
14	2.9991341433918315	1.7643822361669488	3.5010872083470934	1.1612976983307317	harden.LEMMAPATH3.PPMIno.LENGTH5000.SOCPOSnav	1
20	2.9339572615179	2.002297037323522	3.2448236747194943	0.9037033127784452	harden.LEMMAREL1.PPMIselection.LENGTH5000.SOCPOSall	2
26	2.872718086299273	1.976109447101447	3.571554775635895	0.9037033127784452	harden.LEMMAPATH3.PPMIweight.LENGTH5000.SOCPOSall	3
16	3.1341494244486223	2.3956281244984963	3.555575248478272	2.082391369018412	harden.nobound10-10all.PPMIno.LENGTHFOC.SOCPOSnav	4
28	2.9243058423607273	2.186672615409718	3.549535072688957	1.562786935668057	harden.bound5-5all.PPMIselection.LENGTHFOC.SOCPOSall	5
30	3.064430238541199	2.1779371686584463	3.5655257401981544	1.5811433225429798	harden.bound10-10lex.PPMIweight.LENGTH5000.SOCPOSnav	6
48	3.29518076644757	2.266521984568098	3.5132283865096037	2.6846421909871943	harden.bound3-3lex.PPMIselection.LENGTHFOC.SOCPOSall	7
22	3.1957330119591503	2.131180889604576	3.6885233540776095	1.562786935668057	harden.nobound5-5lex.PPMIselection.LENGTH5000.SOCPOSnav	8
