size	max_diss	av_diss	diameter	separation	medoid	avg.width
25	3.4432720454755197	2.2646068110072655	3.7579879949467494	1.0230137363571052	harden.BOWbound10all.PPMIweight.LENGTHFOC.SOCPOSall	0.09914416475446348
21	3.715503130489367	2.617296805973554	4.20647418572466	1.5762772494672217	harden.BOWbound5all.PPMIweight.LENGTH5000.SOCPOSall	0.05320963845158843
32	3.403498385626457	2.290391861330871	3.6507013852048407	1.0230137363571052	harden.BOWbound5lex.PPMIselection.LENGTHFOC.SOCPOSall	0.12892403323856036
16	3.6971576963009354	2.5106613758892804	4.013195033343636	1.151372621603483	harden.BOWnobound10lex.PPMIno.LENGTHFOC.SOCPOSall	0.06634902538947848
25	4.050500761989274	2.449080142124953	4.541209291548408	1.3804557746468462	harden.LEMMAREL1.PPMIselection.LENGTH5000.SOCPOSnav	0.043093653727863
46	3.4624620852360897	2.3789927652149108	3.8425248694471956	2.1044796802855865	harden.BOWbound3lex.PPMIselection.LENGTHFOC.SOCPOSall	0.23311064805176637
19	3.1418734902213745	2.024442475511977	3.5735550608350124	1.1244661908305404	harden.LEMMAPATHweight.PPMIweight.LENGTHFOC.SOCPOSall	0.2090819487191184
20	3.6022031043904095	2.299961576489812	4.209769742787619	1.1244661908305404	harden.LEMMAPATHweight.PPMIno.LENGTHFOC.SOCPOSall	0.0755732461308781
