size	max_diss	av_diss	diameter	separation	medoid	avg.width
19	2.7988660945984227	2.0120536713832244	3.2633439906990764	1.6225134428149708	harden.BOWbound10lex.PPMIweight.LENGTHFOC.SOCPOSall	0.19314834276352327
18	3.353638873064741	2.4377030905500643	3.737741792734424	1.6225134428149708	harden.BOWbound5lex.PPMIweight.LENGTH5000.SOCPOSall	0.08793560566652811
20	3.701150254127999	2.6557702761417232	4.101229527240697	1.7948811972771355	harden.BOWnobound10lex.PPMIno.LENGTHFOC.SOCPOSall	0.049709369679829744
35	3.4226905917819623	2.4001665349234025	3.7538433273118677	1.7598037204570576	harden.BOWbound5all.PPMIselection.LENGTHFOC.SOCPOSall	0.07259838114978061
23	4.050983229907603	2.5705709066730704	4.395829764183466	1.6998295537632828	harden.LEMMAREL1.PPMIselection.LENGTH5000.SOCPOSnav	0.012293835856636985
47	3.4615619844866776	2.3909840059133356	3.833919232046436	2.6215305570126275	harden.BOWbound3lex.PPMIselection.LENGTHFOC.SOCPOSall	0.22024066640680195
16	3.3230453836910887	2.1938256759133705	3.909373147960528	1.869231789070706	harden.LEMMAPATHselection2.PPMIno.LENGTHFOC.SOCPOSall	0.20420380345842395
22	2.878071817485691	2.143430179890002	3.5702728765291836	1.6998295537632828	harden.LEMMAPATHweight.PPMIselection.LENGTHFOC.SOCPOSall	0.18728108111559852
