size	max_diss	av_diss	diameter	separation	medoid	medoid_i
17	2.644231041617746	1.9349273719629911	3.4342366102875865	0.8056735255854304	harden.LEMMAPATHweight.PPMIno.LENGTH5000.SOCPOSnav	1
16	2.5424497283903493	1.7880509431262683	3.1551234751472004	0.8056735255854304	harden.LEMMAREL1.PPMIselection.LENGTH5000.SOCPOSnav	2
27	2.976601369815419	2.1558386079256406	3.743859687135303	0.8504124295057777	harden.LEMMAPATHweight.PPMIweight.LENGTHFOC.SOCPOSall	3
16	3.1341494244486223	2.395618011644099	3.555575248478272	2.0815509493411497	harden.nobound10-10all.PPMIno.LENGTHFOC.SOCPOSnav	4
44	3.251912186033452	2.388895395576229	3.6966639206130183	1.7419410975455474	harden.bound5-5all.PPMIselection.LENGTHFOC.SOCPOSall	5
36	3.064430238541199	2.2649236242320967	3.6515475866931015	1.7419410975455474	harden.bound10-10lex.PPMIweight.LENGTH5000.SOCPOSnav	6
25	3.028403104503816	2.143749899136143	3.4971441624993966	0.9845675455631164	harden.bound3-3all.PPMIselection.LENGTHFOC.SOCPOSall	7
23	2.9503934686983126	1.890690563866986	3.334586926651683	0.9845675455631164	harden.nobound3-3lex.PPMIselection.LENGTH5000.SOCPOSnav	8
