size	max_diss	av_diss	diameter	separation	medoid	medoid_i
24	2.6176297101430763	1.853894311963344	2.9962746922259123	1.9927216557517076	herroepen.LEMMAPATH3.PPMIselection.LENGTH5000.SOCPOSall	1
22	2.537222224119317	1.7290369341460077	3.032442638131543	1.4482782526012283	herroepen.LEMMAPATHweight.PPMIweight.LENGTH5000.SOCPOSall	2
20	2.43534902832026	1.7895864725676642	2.9713847521436927	1.5701659184003858	herroepen.LEMMAREL1.PPMIselection.LENGTH5000.SOCPOSall	3
15	2.9104286309564267	2.2645120668579293	3.646543677701765	1.0508788733714416	herroepen.nobound10-10all.PPMIno.LENGTHFOC.SOCPOSnav	4
28	2.932733576543833	2.234167662257942	3.521756329060055	1.6383099666649796	herroepen.bound5-5all.PPMIselection.LENGTH5000.SOCPOSall	5
34	2.972882554163775	1.9809140251663808	3.5528482088329105	1.4154658894959569	herroepen.bound5-5lex.PPMIselection.LENGTHFOC.SOCPOSall	6
21	2.951945212055214	1.8903317799122268	3.4044177433468796	1.0508788733714416	herroepen.nobound10-10lex.PPMIweight.LENGTH5000.SOCPOSall	7
40	2.7592188404716143	1.9623254328027695	3.1204680043642803	1.6383099666649796	herroepen.bound3-3lex.PPMIselection.LENGTHFOC.SOCPOSall	8
