size	max_diss	av_diss	diameter	separation	medoid	avg.width
30	3.104861971665596	2.0126248715063833	3.4303268378013527	1.028065117841675	herroepen.BOWbound5lex.PPMIselection.LENGTHFOC.SOCPOSall	0.17180460793869037
21	3.2480033226662646	2.2545097470643336	3.768947807959075	1.7164084893920417	herroepen.BOWbound3lex.PPMIselection.LENGTH5000.SOCPOSall	0.08770448998509663
26	3.5768569174103617	2.4811504359457492	3.85005179337269	1.7266595903206687	herroepen.BOWnobound10lex.PPMIselection.LENGTHFOC.SOCPOSall	0.04140656552886279
17	2.9786143111004826	1.8530494637752972	3.215249273702664	1.5578255447863778	herroepen.LEMMAPATHweight.PPMIweight.LENGTHFOC.SOCPOSall	0.18042054899384824
26	3.617176121743212	2.42433106374776	3.9112328997529398	1.028065117841675	herroepen.BOWbound5all.PPMIselection.LENGTHFOC.SOCPOSall	0.04235689820378474
29	3.638357912976029	2.2608667621252763	3.959354691221245	1.375057693208509	herroepen.LEMMAPATHweight.PPMIno.LENGTHFOC.SOCPOSall	0.09984027500564778
32	2.792700869216392	1.9636362708842097	3.1999610329515447	2.041465907567403	herroepen.BOWbound3lex.PPMIselection.LENGTHFOC.SOCPOSall	0.22667746965640886
23	3.799094493376631	2.0646066654430006	4.0749902690216055	1.375057693208509	herroepen.LEMMAREL1.PPMIselection.LENGTHFOC.SOCPOSall	0.14084753297032512
