size	max_diss	av_diss	diameter	separation	medoid	medoid_i
26	2.3254812566161	1.864754763682026	3.0114531544784	1.3226605452312186	herroepen.LEMMAPATHweight.PPMIno.LENGTHFOC.SOCPOSnav	1
19	2.3782863655695445	1.655741442960123	3.063319226467938	0.8075171819009743	herroepen.LEMMAPATHweight.PPMIweight.LENGTH5000.SOCPOSall	2
18	2.2715210057301487	1.6914505501941832	2.901790174017816	1.590093899549328	herroepen.LEMMAREL1.PPMIselection.LENGTHFOC.SOCPOSall	3
15	2.9104286309564267	2.2645300800847554	3.646543677701765	1.0508788733714416	herroepen.nobound10-10all.PPMIno.LENGTHFOC.SOCPOSnav	4
28	2.932733576543833	2.2340766447485207	3.521529546522542	1.6392171369641892	herroepen.bound5-5all.PPMIselection.LENGTH5000.SOCPOSall	5
23	2.951945212055214	1.944963508989569	3.530358751359551	1.0508788733714416	herroepen.nobound10-10lex.PPMIweight.LENGTH5000.SOCPOSall	6
35	2.972883657751417	1.9918390077814547	3.5399461129287437	0.8075171819009743	herroepen.bound5-5lex.PPMIselection.LENGTHFOC.SOCPOSall	7
40	2.7507917537100073	1.9576472597457841	3.0821532694422005	1.6392171369641892	herroepen.bound3-3lex.PPMIselection.LENGTHFOC.SOCPOSall	8
