size	max_diss	av_diss	diameter	separation	medoid	avg.width
30	2.9710372313805338	1.9881006110054948	3.4102625534897957	1.5572911005286254	herroepen.BOWbound5lex.PPMIselection.LENGTHFOC.SOCPOSall	0.16218920945536974
26	3.3618942515809556	2.393312583122667	3.836909927331013	1.8724811573221671	herroepen.BOWbound5lex.PPMIselection.LENGTH5000.SOCPOSall	0.04612284915352353
26	3.337080342372571	2.3699355496565415	3.7754323578612525	1.5572911005286254	herroepen.BOWnobound10all.PPMIweight.LENGTHFOC.SOCPOSall	0.019345169003670434
22	3.5682152692276774	2.4247220225294477	3.902454891391575	1.9094081526792641	herroepen.BOWbound5all.PPMIno.LENGTHFOC.SOCPOSall	0.09002585048792403
19	2.445701419960763	1.6411369107745433	2.9796586919133223	1.2053517564101384	herroepen.BOWbound3lex.PPMIselection.LENGTHFOC.SOCPOSall	0.31126852490984447
21	3.2979918863258684	2.13904691192735	3.6473803317460973	1.2053517564101384	herroepen.BOWbound3all.PPMIselection.LENGTHFOC.SOCPOSall	0.07624390937586412
30	3.8000628097675273	2.226322447646441	4.086000976440912	1.6315990554743829	herroepen.LEMMAREL1.PPMIselection.LENGTHFOC.SOCPOSall	0.12846324179432378
26	3.261397894553453	2.103191963598338	3.6184768673649605	1.6315990554743829	herroepen.LEMMAPATHselection3.PPMIselection.LENGTHFOC.SOCPOSall	0.15714508615829773
