size	max_diss	av_diss	diameter	separation	medoid	avg.width
27	3.4387805713843997	2.462968811475477	3.835778436451494	0.809635051874909	helpen.BOWbound10lex.PPMIselection.LENGTHFOC.SOCPOSall	0.04769641790120214
20	3.927321750836571	2.4436107899215864	4.1305972742488875	1.7810256783714908	helpen.BOWbound3lex.PPMIselection.LENGTH5000.SOCPOSall	0.037968918076588025
27	2.9345476457803894	2.1262350817411053	3.482407037232796	1.7058855584926869	helpen.BOWbound10all.PPMIweight.LENGTHFOC.SOCPOSall	0.14907178263522397
18	3.5563905528058704	2.4161499298664486	3.820608511153622	1.8109405262056688	helpen.BOWbound5all.PPMIweight.LENGTH5000.SOCPOSall	0.10972662362022126
39	3.608895040509192	2.438189041115001	4.014698219173068	1.7058855584926869	helpen.LEMMAPATHweight.PPMIno.LENGTHFOC.SOCPOSall	0.03756721668287062
30	2.6835503710873225	1.9366974510326271	3.114885672713609	0.809635051874909	helpen.BOWbound3lex.PPMIselection.LENGTHFOC.SOCPOSall	0.25739811723680106
24	2.963520782988588	2.098379346537298	3.2786881120654248	1.9339686827660463	helpen.BOWbound3all.PPMIselection.LENGTHFOC.SOCPOSall	0.1746512227446159
15	3.196491405205275	2.0937261926137407	3.5407805873319824	1.7307090944967394	helpen.LEMMAREL1.PPMIselection.LENGTH5000.SOCPOSnav	0.2158291774318945
