size	max_diss	av_diss	diameter	separation	medoid	medoid_i
28	3.189112597935192	2.1946767823437403	3.4953773899887226	1.907060940348405	helpen.LEMMAPATHweight.PPMIno.LENGTHFOC.SOCPOSall	1
26	2.844639488122996	1.980600009649296	3.4320653604948292	1.3912453337228885	helpen.LEMMAPATH3.PPMIselection.LENGTH5000.SOCPOSall	2
32	2.5664855435497036	1.8024355269320709	3.0966507539627632	1.7055589837773515	helpen.LEMMAPATHweight.PPMIweight.LENGTH5000.SOCPOSall	3
18	2.6994721501676606	1.8642960831648172	3.0963274577234308	1.3912453337228885	helpen.LEMMAREL1.PPMIselection.LENGTH5000.SOCPOSall	4
32	3.0401825550394546	2.0916533059771454	3.4731682952191014	1.2387344765789634	helpen.bound5-5lex.PPMIselection.LENGTH5000.SOCPOSall	5
16	3.011882651977664	2.0875608486366604	3.3228342141725173	1.2387344765789634	helpen.nobound10-10lex.PPMIselection.LENGTHFOC.SOCPOSall	6
28	2.554659649691771	1.9744792857918705	3.1040959513709985	1.4773145255183004	helpen.bound3-3all.PPMIselection.LENGTH5000.SOCPOSall	7
24	2.3163234947653004	1.6726052288376128	2.7414072847466824	1.6585125443673714	helpen.bound3-3lex.PPMIselection.LENGTH5000.SOCPOSall	8
