size	max_diss	av_diss	diameter	separation	medoid	medoid_i
22	2.412078395931128	1.8019483988355918	3.0337327826360605	0.6851190231998272	helpen.LEMMAPATHweight.PPMIno.LENGTHFOC.SOCPOSall	1
29	2.5827530886800627	1.7104400769446946	3.102445637308682	0.6851190231998272	helpen.LEMMAPATHweight.PPMIweight.LENGTH5000.SOCPOSall	2
13	2.2382081894647814	1.603958232641874	2.9200800784954377	0.6878224196167674	helpen.LEMMAREL1.PPMIselection.LENGTH5000.SOCPOSall	3
24	2.759571797649383	2.1702305761859266	3.365940430446538	0.8997732246051046	helpen.bound5-5all.PPMIno.LENGTHFOC.SOCPOSall	4
18	2.7836186599113386	2.133935987348767	3.4263357076308973	1.452653416902102	helpen.nobound10-10all.PPMIselection.LENGTH5000.SOCPOSall	5
31	3.2422230539001355	2.314427373728534	3.559778312628214	0.809635051874909	helpen.bound10-10lex.PPMIselection.LENGTHFOC.SOCPOSall	6
26	2.807161025555989	1.8853662982323165	3.251991266013232	0.8997732246051046	helpen.nobound3-3all.PPMIweight.LENGTH5000.SOCPOSall	7
41	2.999180837816969	1.964296104111457	3.273915441476269	0.809635051874909	helpen.bound3-3lex.PPMIselection.LENGTH5000.SOCPOSall	8
