size	max_diss	av_diss	diameter	separation	medoid	avg.width
28	3.440130800543737	2.468490147075896	3.835147821052276	1.5164965305300164	helpen.BOWbound10lex.PPMIselection.LENGTHFOC.SOCPOSall	0.04539710635339705
19	3.753988959645612	2.3070880916240473	4.094660074046542	1.7803684246457958	helpen.BOWbound3lex.PPMIweight.LENGTH5000.SOCPOSall	0.0809711807445043
33	3.1878497860753257	2.063560018356068	3.4924008161962194	1.0947487601152313	helpen.LEMMAPATHweight.PPMIweight.LENGTHFOC.SOCPOSall	0.14371784811827532
27	3.8596005344568787	2.7068433295662366	3.9971462667257205	1.8926698523100456	helpen.LEMMAPATHweight.PPMIselection.LENGTH5000.SOCPOSall	0.04712277028282634
30	3.3902229704281446	2.328706788467605	3.6882118029074036	1.0947487601152313	helpen.LEMMAPATHweight.PPMIno.LENGTHFOC.SOCPOSnav	0.05848515708217937
29	2.686989968837738	1.9107631019587386	3.115600387916822	1.5164965305300164	helpen.BOWbound3lex.PPMIselection.LENGTHFOC.SOCPOSall	0.2628473877478312
24	2.963520782988588	2.098385609219879	3.2786881120654248	1.9336660576747264	helpen.BOWbound3all.PPMIselection.LENGTHFOC.SOCPOSall	0.16960402543687803
14	2.674911984012833	1.9791285796999092	3.1997300009034495	1.7027928468947244	helpen.LEMMAREL1.PPMIselection.LENGTHFOC.SOCPOSall	0.2331851628695831
