size	max_diss	av_diss	diameter	separation	medoid	avg.width
24	3.4810440698917526	2.401367340576327	3.6181721114406917	2.054731503996729	diskwalificeren.BOWbound10lex.PPMIselection.LENGTHFOC.SOCPOSnav	0.12561575592146737
31	3.4020314047063356	2.448734059177293	3.797493370185492	1.7888852394756514	diskwalificeren.BOWbound10all.PPMIweight.LENGTHFOC.SOCPOSall	0.07417274110655028
23	3.2880366562961503	2.258380100299494	3.7917251123142397	1.5448320013524657	diskwalificeren.LEMMAPATHweight.PPMIno.LENGTHFOC.SOCPOSall	0.11436713437729909
24	3.272678172471763	2.2365100548325456	3.433156792765104	1.9685804810320529	diskwalificeren.BOWbound5lex.PPMIselection.LENGTHFOC.SOCPOSnav	0.1012830251142854
29	3.348407321168126	2.2885479598939593	3.684248744140844	1.5289138913460727	diskwalificeren.BOWbound3all.PPMIselection.LENGTHFOC.SOCPOSall	0.13291570394361224
15	3.452449216169752	2.438913757543578	3.7934592031505563	1.5289138913460727	diskwalificeren.BOWnobound5all.PPMIno.LENGTHFOC.SOCPOSall	0.08332703345637639
24	2.707401035392223	1.860794202893941	3.000479035343386	1.9685804810320529	diskwalificeren.BOWbound3lex.PPMIselection.LENGTHFOC.SOCPOSall	0.24307200823053454
30	3.039285744634347	2.362135286962165	3.590365798937587	1.5448320013524657	diskwalificeren.LEMMAREL2.PPMIselection.LENGTHFOC.SOCPOSall	0.11151795599673836
