size	max_diss	av_diss	diameter	separation	medoid	medoid_i
31	3.1232466198250175	2.0954193122984237	3.4742295057704173	1.099533929883964	diskwalificeren.LEMMAPATHweight.PPMIselection.LENGTH5000.SOCPOSall	1
16	2.6811182227554697	1.667962031389192	2.7954276898985246	1.6765498374912653	diskwalificeren.LEMMAPATHweight.PPMIweight.LENGTH5000.SOCPOSall	2
20	2.763764456937511	2.084525512350903	3.289498355436319	1.6765498374912653	diskwalificeren.LEMMAREL1.PPMIselection.LENGTH5000.SOCPOSall	3
16	2.940258555850899	2.290002795387508	3.5929160628021166	1.570523378807846	diskwalificeren.nobound10-10all.PPMIno.LENGTHFOC.SOCPOSnav	4
28	3.083926983995421	2.1592406782229294	3.623459051507647	1.099533929883964	diskwalificeren.bound5-5all.PPMIweight.LENGTH5000.SOCPOSall	5
24	2.829502890804675	2.1830348621156914	3.4304131704572023	1.7220112497941258	diskwalificeren.bound10-10lex.PPMIweight.LENGTH5000.SOCPOSall	6
25	2.9359305483165183	2.0811806823771897	3.3810118811206675	1.3839116757491918	diskwalificeren.bound3-3all.PPMIselection.LENGTHFOC.SOCPOSall	7
44	2.9143366068252443	2.0930344964229137	3.2601664871612317	1.7220112497941258	diskwalificeren.bound3-3lex.PPMIselection.LENGTHFOC.SOCPOSall	8
