size	max_diss	av_diss	diameter	separation	medoid	medoid_i
48	2.772930363331537	2.1156636898913024	3.402354402051366	2.1532578118717094	diskwalificeren.LEMMAPATHweight.PPMIselection.LENGTHFOC.SOCPOSall	1
12	2.7431382814919125	1.7956326687255915	2.9276601338825023	2.1532578118717094	diskwalificeren.LEMMAREL1.PPMIselection.LENGTH5000.SOCPOSall	2
25	3.1060924720879144	2.3247622104228616	3.4831648534361928	1.2667449755774305	diskwalificeren.bound10-10all.PPMIselection.LENGTHFOC.SOCPOSall	3
23	3.0312852295150856	2.117405386058273	3.5171238666919815	1.0593892136645455	diskwalificeren.nobound5-5all.PPMIweight.LENGTH5000.SOCPOSall	4
24	3.1609877382164053	2.2442274541795095	3.405779727437315	2.0559726017753928	diskwalificeren.bound10-10lex.PPMIselection.LENGTHFOC.SOCPOSnav	5
24	2.802805504607124	2.0054693111582416	3.353612249500096	1.0593892136645455	diskwalificeren.bound3-3all.PPMIselection.LENGTH5000.SOCPOSall	6
30	2.581795761402994	1.8310399075272956	3.098186439180369	1.5686877043438947	diskwalificeren.bound3-3lex.PPMIselection.LENGTHFOC.SOCPOSall	7
18	2.511644565502722	1.9177350384562506	3.056046487405899	1.5686877043438947	diskwalificeren.nobound5-5lex.PPMIselection.LENGTH5000.SOCPOSnav	8
