size	max_diss	av_diss	diameter	separation	medoid	avg.width
24	3.4812493798143818	2.401521149542652	3.618337253899416	2.056371400593991	diskwalificeren.BOWbound10lex.PPMIselection.LENGTHFOC.SOCPOSnav	0.12165298447686057
21	3.1726280941572647	2.2413159896487853	3.6670508351515863	1.7526067359185105	diskwalificeren.BOWbound5all.PPMIweight.LENGTH5000.SOCPOSnav	0.07135956012911639
28	3.462984570663456	2.4992020219258393	3.753243738268283	1.394105440875727	diskwalificeren.BOWbound10all.PPMIselection.LENGTHFOC.SOCPOSall	0.07223421677285811
22	3.0615508522596646	2.1600748074706355	3.3397609989100396	1.7075112001216093	diskwalificeren.BOWbound5lex.PPMIselection.LENGTHFOC.SOCPOSnav	0.11828281221357767
19	3.5664895568202626	2.382094835794514	3.756603709186889	2.0040865479255436	diskwalificeren.LEMMAPATHweight.PPMIselection.LENGTH5000.SOCPOSall	0.07743888555095307
21	3.3476159912612466	2.1497405724370644	3.6840665526652603	1.394105440875727	diskwalificeren.BOWbound3all.PPMIselection.LENGTHFOC.SOCPOSall	0.14556406964032223
26	3.1936969247661615	1.969991143030407	3.4084857421147188	1.7075112001216093	diskwalificeren.BOWnobound3lex.PPMIselection.LENGTHFOC.SOCPOSall	0.19164770818173857
43	3.198260096798319	2.306682506455201	3.5524826628704407	1.7785173181402432	diskwalificeren.LEMMAPATHweight.PPMIselection.LENGTHFOC.SOCPOSall	0.14206630017301683
