size	max_diss	av_diss	diameter	separation	medoid	avg.width
36	3.792863855522429	2.5330172632161028	3.981715358597853	2.2225493274365107	spoor.BOWbound5lex.PPMIselection.LENGTHFOC.SOCPOSall	0.12852730852498334
18	3.9573840497163566	2.5558134903878975	4.144741471891349	2.5758927854878673	spoor.BOWbound5lex.PPMIselection.LENGTH5000.SOCPOSall	0.13825416404967253
20	3.3460028185355375	2.212103260356159	3.5089386148017914	2.045528336976562	spoor.BOWbound5all.PPMIweight.LENGTHFOC.SOCPOSall	0.24047600688650483
32	4.379092079518058	2.804595781533631	4.468355598673971	2.3775685981231445	spoor.BOWbound5all.PPMIselection.LENGTHFOC.SOCPOSall	0.09831152231872486
18	2.674439760808919	1.7855977330693225	3.091864588055811	2.2225493274365107	spoor.BOWbound3lex.PPMIselection.LENGTHFOC.SOCPOSall	0.35680661803333724
24	3.285998450615587	2.1886371017890967	3.777072139754317	2.331188571212516	spoor.BOWbound3all.PPMIselection.LENGTHFOC.SOCPOSall	0.20809828363852542
34	3.3273763991337475	2.13338056979747	4.021280861617515	1.1758424347062602	spoor.LEMMAPATHweight.PPMIselection.LENGTHFOC.SOCPOSall	0.11097350994383766
30	2.9273581803336506	2.2025290731944493	3.664755188989417	1.1758424347062602	spoor.LEMMAREL2.PPMIselection.LENGTH5000.SOCPOSnav	0.12524084549390516
