size	max_diss	av_diss	diameter	separation	medoid	avg.width
26	3.7634433107362013	2.7419000152516415	4.21481580587533	1.954535759801392	herhalen.BOWnobound10lex.PPMIselection.LENGTHFOC.SOCPOSall	0.08162146709156864
23	3.723821362601547	2.491234221277075	4.272916714623039	1.954535759801392	herhalen.BOWbound3lex.PPMIselection.LENGTH5000.SOCPOSall	0.10135509048054209
31	3.35904206666034	2.6096543742660656	4.011272931264036	1.240368119717315	herhalen.BOWbound5all.PPMIweight.LENGTH5000.SOCPOSnav	0.054024129512421144
20	3.453118195114459	2.3053514782821347	3.8569890301440193	1.77545441045798	herhalen.LEMMAPATHweight.PPMIselection.LENGTHFOC.SOCPOSall	0.12641169524840662
24	4.198649599089274	2.889262244797252	4.533754570172456	1.77545441045798	herhalen.BOWbound5all.PPMIno.LENGTHFOC.SOCPOSall	0.06748523060867684
39	3.3115692069433416	2.4036414325776483	4.03149778925664	1.240368119717315	herhalen.BOWbound3lex.PPMIselection.LENGTHFOC.SOCPOSall	0.17994313330303405
21	3.325904455846771	2.405845076192518	3.9249744659153167	1.7893802307632494	herhalen.LEMMAREL1.PPMIselection.LENGTHFOC.SOCPOSall	0.1543805900990988
16	3.458634038855954	2.293894739092774	4.073717713512506	1.7893802307632494	herhalen.LEMMAPATHweight.PPMIno.LENGTHFOC.SOCPOSall	0.13059755923493202
