size	max_diss	av_diss	diameter	separation	medoid	medoid_i
23	2.784465004853649	2.0892269173841824	3.4478402685652796	0.984161232870214	herhalen.LEMMAPATHweight.PPMIno.LENGTHFOC.SOCPOSall	1
24	3.178227872851496	1.924257277917797	3.635584359009935	0.9077085667003671	herhalen.LEMMAPATHweight.PPMIweight.LENGTH5000.SOCPOSall	2
15	2.710290056868163	1.9337281295184208	3.2015016488073704	0.9220275739271968	herhalen.LEMMAREL1.PPMIselection.LENGTH5000.SOCPOSall	3
18	3.2447459094092763	2.4958003296621785	3.94058105642622	1.3861404469144498	herhalen.nobound10-10all.PPMIno.LENGTHFOC.SOCPOSnav	4
26	3.1076481443156823	2.406594562722352	3.788558475092678	1.051495211259484	herhalen.bound10-10lex.PPMIselection.LENGTHFOC.SOCPOSall	5
31	3.1055771979348297	2.3752441565276956	3.6047092704526498	0.9077085667003671	herhalen.bound5-5all.PPMIweight.LENGTH5000.SOCPOSall	6
22	3.2035768557240822	2.327369902919684	3.776929833908315	1.3861404469144498	herhalen.bound3-3all.PPMIno.LENGTH5000.SOCPOSall	7
45	3.1563254208573	2.268592921116157	3.5397454564672675	1.2302261878350196	herhalen.bound3-3lex.PPMIselection.LENGTH5000.SOCPOSall	8
