size	max_diss	av_diss	diameter	separation	medoid	medoid_i
20	3.2892395677625226	2.133969759256634	3.792173695015104	1.69524041350596	herhalen.LEMMAPATHweight.PPMIno.LENGTH5000.SOCPOSall	1
16	2.8300116136958766	1.776701050816665	3.3519929323842885	2.157409711933538	herhalen.LEMMAPATHweight.PPMIselection.LENGTH5000.SOCPOSall	2
32	2.9911246074706073	2.169222070031849	3.4263759480699436	1.897817683180325	herhalen.LEMMAPATHweight.PPMIweight.LENGTH5000.SOCPOSall	3
16	2.710290056868163	1.9682716704748362	3.230185405270104	1.69524041350596	herhalen.LEMMAREL1.PPMIselection.LENGTH5000.SOCPOSall	4
20	3.372205701850929	2.5799449000843113	3.97792213788752	2.032877477064521	herhalen.nobound10-10all.PPMIno.LENGTHFOC.SOCPOSnav	5
23	2.9447793272956755	2.328165196505821	3.598829740182766	1.2302261878350196	herhalen.bound10-10lex.PPMIselection.LENGTHFOC.SOCPOSall	6
32	3.061069288313583	2.3512723540295966	3.5607024785782815	2.072806414832548	herhalen.bound3-3all.PPMIselection.LENGTH5000.SOCPOSall	7
45	3.1563254208573	2.268592921116157	3.5397454564672675	1.2302261878350196	herhalen.bound3-3lex.PPMIselection.LENGTH5000.SOCPOSall	8
