size	max_diss	av_diss	diameter	separation	medoid	avg.width
22	3.762486543596756	2.6331277015053165	4.214020869771367	1.9557975394379261	herhalen.BOWnobound10lex.PPMIselection.LENGTHFOC.SOCPOSall	0.09090356764602033
24	3.6435652069838596	2.5043414131101205	4.230001357449147	1.9557975394379261	herhalen.BOWbound3lex.PPMIselection.LENGTH5000.SOCPOSall	0.0986259767132156
24	3.9570716480911474	2.9442646218728723	4.405794781555509	2.233908271324942	herhalen.BOWbound10all.PPMIno.LENGTHFOC.SOCPOSall	0.036106087526971524
34	3.4857441231374184	2.4971197843148847	4.027287895474875	1.509313460785091	herhalen.LEMMAPATHweight.PPMIweight.LENGTHFOC.SOCPOSall	0.08530388549033321
36	3.314926087555049	2.381123959771089	3.5452951134991437	2.112559948897085	herhalen.BOWbound3lex.PPMIselection.LENGTHFOC.SOCPOSall	0.212036500819354
24	3.2435510664117437	2.4564381652296716	3.718629572675031	2.111645093268257	herhalen.BOWbound3all.PPMIselection.LENGTHFOC.SOCPOSall	0.17418786952052076
17	3.296482830649828	2.310576926910372	3.850378650002599	1.509313460785091	herhalen.LEMMAREL1.PPMIselection.LENGTHFOC.SOCPOSall	0.15137622345851073
23	3.458470989314507	2.414907352282816	4.200769675598834	1.5439504343281576	herhalen.LEMMAPATHweight.PPMIno.LENGTHFOC.SOCPOSall	0.11803225564705747
