size	max_diss	av_diss	diameter	separation	medoid	avg.width
28	3.1741446101324584	2.065764387010391	3.641864228044212	1.6635778419190983	heet.BOWbound10lex.PPMIselection.LENGTHFOC.SOCPOSall	0.11636631310484817
29	3.9651016333957725	2.447377592715635	4.293303578187252	0.6556247973972579	heet.BOWbound5lex.PPMIweight.LENGTH5000.SOCPOSall	0.10401078608092544
25	4.220404517607103	2.4812750021037577	4.445664523648018	0.9353982920205425	heet.BOWbound5all.PPMIno.LENGTHFOC.SOCPOSall	0.032173779303645865
19	3.823795037280333	2.7168784147158114	4.19884314074669	0.9592566915783135	heet.BOWbound3all.PPMIselection.LENGTH5000.SOCPOSall	0.10280593683275732
24	2.59666423978555	1.7325602234235882	3.184403080607464	1.6476336278380053	heet.BOWbound5lex.PPMIselection.LENGTHFOC.SOCPOSall	0.20227853352126948
30	2.5392015504286634	1.7118570860044975	2.9933745102194727	0.9353982920205425	heet.BOWbound3lex.PPMIselection.LENGTHFOC.SOCPOSall	0.19536977162326646
24	3.06937991136939	1.7695087634205044	3.524397240713344	0.6556247973972579	heet.LEMMAREL1.PPMIselection.LENGTHFOC.SOCPOSall	0.23967603575899413
21	3.0589340984281597	1.8557191741143195	3.703418355550554	1.7268014101142424	heet.LEMMAPATHweight.PPMIselection.LENGTHFOC.SOCPOSall	0.2021837674687038
