size	max_diss	av_diss	diameter	separation	medoid	medoid_i
28	2.980326277762042	1.9382566605221885	3.613436683478245	1.7153578639158449	heet.LEMMAPATHweight.PPMIselection.LENGTHFOC.SOCPOSall	1
28	2.4455368570552007	1.6500714146902589	2.852255718980206	1.7153578639158449	heet.LEMMAREL1.PPMIselection.LENGTH5000.SOCPOSnav	2
49	2.903977223943491	1.98350695334463	3.424282561450186	0.743783207503304	heet.bound5-5lex.PPMIweight.LENGTH5000.SOCPOSnav	3
15	2.882407629927449	2.2358291635340657	3.5970529263327653	0.9621067383881168	heet.nobound10-10all.PPMIno.LENGTHFOC.SOCPOSnav	4
19	2.8854575086957084	2.0366247968089413	3.334747219700111	0.9621067383881168	heet.bound5-5all.PPMIno.LENGTHFOC.SOCPOSall	5
22	2.8225083483131006	1.901463310236668	3.625981355468253	1.4502204429266132	heet.bound10-10lex.PPMIselection.LENGTHFOC.SOCPOSall	6
16	2.429071061215669	1.7212509660915936	2.9140760949215725	1.923913820327655	heet.bound3-3all.PPMIno.LENGTHFOC.SOCPOSall	7
27	2.350930486169319	1.61456322054333	3.0569356955598557	0.743783207503304	heet.nobound3-3lex.PPMIselection.LENGTHFOC.SOCPOSall	8
