size	max_diss	av_diss	diameter	separation	medoid	avg.width
28	3.1732832902912036	2.06506966910604	3.6423516147468877	1.6668723978639612	heet.BOWbound10lex.PPMIselection.LENGTHFOC.SOCPOSall	0.11682908526773746
29	3.959265257043673	2.447966814004643	4.294427077003642	0.7355014333631001	heet.BOWbound5lex.PPMIweight.LENGTH5000.SOCPOSall	0.09956805126277542
26	4.2194304873938115	2.476107088484721	4.481626202965412	0.8774459728270636	heet.BOWbound5all.PPMIno.LENGTHFOC.SOCPOSall	0.028146810336746528
19	3.8279826102876986	2.7139818597060104	4.19661911364208	0.9558241790522943	heet.BOWbound3all.PPMIselection.LENGTH5000.SOCPOSall	0.10594719215808765
24	2.6057381167206675	1.7374086777631665	3.184360879456747	1.6569802621397844	heet.BOWbound5lex.PPMIselection.LENGTHFOC.SOCPOSall	0.19626466198905382
28	2.518898572133239	1.674750968793499	3.000504548453686	0.827784867243442	heet.BOWnobound3lex.PPMIselection.LENGTHFOC.SOCPOSall	0.20389927307291897
25	2.829876917149063	1.894910304536761	3.702900369720506	0.827784867243442	heet.LEMMAPATHweight.PPMIselection.LENGTHFOC.SOCPOSall	0.1541595578001794
21	3.0646069372949234	1.676244408417127	3.2586853269912086	0.7355014333631001	heet.LEMMAREL1.PPMIselection.LENGTHFOC.SOCPOSall	0.2894411859035788
