size	max_diss	av_diss	diameter	separation	medoid	avg.width
20	2.9998721067036738	2.1023288797763313	3.570834685557155	1.7235196429709563	gemeen.BOWbound10all.PPMIweight.LENGTHFOC.SOCPOSall	0.18375249088058823
35	3.8404333650686504	2.8011177030627885	4.514713968368755	1.249180565603464	gemeen.LEMMAREL1.PPMIweight.LENGTH5000.SOCPOSall	-0.00506564336043982
25	3.179387927397645	2.1545818684065265	3.8034829474590808	1.266747559861255	gemeen.BOWbound5lex.PPMIselection.LENGTHFOC.SOCPOSall	0.11121164648915992
29	3.7111737555951754	2.796050983554034	4.321002079946812	1.936524602017418	gemeen.BOWbound10all.PPMIno.LENGTHFOC.SOCPOSall	0.045849422421863614
26	3.4601673945395564	2.2282294287127633	3.8870937890217445	0.7841508944257969	gemeen.BOWbound3all.PPMIselection.LENGTHFOC.SOCPOSall	0.13364328563431044
19	2.660472001037392	1.6937308824042165	3.3940747434823813	0.7841508944257969	gemeen.BOWbound3lex.PPMIselection.LENGTHFOC.SOCPOSall	0.3013558297475722
28	3.352665077777252	2.1815683514949074	3.793199630743517	1.8833290289390594	gemeen.LEMMAPATHweight.PPMIselection.LENGTHFOC.SOCPOSall	0.15512733588545874
18	2.2296812315701633	1.7011860937512924	2.600631229218481	2.392868681933082	gemeen.LEMMAREL2.PPMIselection.LENGTHFOC.SOCPOSall	0.35982297604492763
