size	max_diss	av_diss	diameter	separation	medoid	avg.width
20	2.9998721067036738	2.1023558769460275	3.5723155167710257	1.7267290363042767	gemeen.BOWbound10all.PPMIweight.LENGTHFOC.SOCPOSall	0.18106852747435798
42	3.7541384087061282	2.8186054577927413	4.517862831787463	1.964404728631306	gemeen.LEMMAREL1.PPMIselection.LENGTH5000.SOCPOSall	-0.01317115707269548
24	3.127792291175499	2.110606262585578	3.5214553552451466	1.7267290363042767	gemeen.BOWbound5lex.PPMIselection.LENGTHFOC.SOCPOSall	0.13576925498742445
27	3.798639531018267	2.7291107026510484	4.321130087242488	1.9344779161287053	gemeen.BOWbound10all.PPMIno.LENGTHFOC.SOCPOSnav	0.055220697166187396
24	3.0142275285624662	2.162580928077519	3.593853177255403	1.2935007086890828	gemeen.BOWbound3all.PPMIselection.LENGTHFOC.SOCPOSall	0.1513388548480567
20	2.5740925460947213	1.7384564353142449	3.395306630614493	1.2935007086890828	gemeen.BOWbound3lex.PPMIselection.LENGTHFOC.SOCPOSnav	0.28192646303274105
20	2.813791438002089	1.797603199917776	3.1436147475816454	2.0121350146150294	gemeen.LEMMAREL2.PPMIselection.LENGTHFOC.SOCPOSall	0.3038447845904698
23	3.085332777274258	2.0743024626078603	3.6301253588170175	2.0121350146150294	gemeen.LEMMAPATHweight.PPMIselection.LENGTHFOC.SOCPOSall	0.20005994533039848
