size	max_diss	av_diss	diameter	separation	medoid	medoid_i
28	3.0298782826991415	2.0127237325189267	3.5182004130718783	1.89859058998341	gemeen.LEMMAPATHweight.PPMIselection.LENGTHFOC.SOCPOSall	1
39	2.8155698501734125	1.9832370775459425	3.346823119863523	0.5556561426833929	gemeen.LEMMAREL1.PPMIselection.LENGTH5000.SOCPOSall	2
16	3.072171056384669	2.2782567472588298	3.6382837581407848	2.144123270112281	gemeen.nobound10-10all.PPMIno.LENGTHFOC.SOCPOSnav	3
21	3.02898164837024	2.102978352058362	3.7088034051028513	1.2286243114639663	gemeen.bound5-5all.PPMIselection.LENGTHFOC.SOCPOSall	4
33	3.250554772451803	2.234911966288799	3.8538800150716064	0.5556561426833929	gemeen.bound10-10lex.PPMIweight.LENGTH5000.SOCPOSnav	5
27	3.000823259931191	2.120732520191731	3.673839337924093	0.8010563779225626	gemeen.bound5-5lex.PPMIselection.LENGTHFOC.SOCPOSall	6
19	2.651809031005315	1.862478937218245	3.545377083395192	0.7800883711419023	gemeen.bound3-3all.PPMIselection.LENGTHFOC.SOCPOSall	7
21	2.6579890312611285	1.6995952315209546	3.428639372998597	0.7800883711419023	gemeen.bound3-3lex.PPMIselection.LENGTHFOC.SOCPOSall	8
