size	max_diss	av_diss	diameter	separation	medoid	avg.width
40	3.337897703590213	2.2744189268753603	3.649350722942427	1.0585509357831184	haken.BOWbound10lex.PPMIselection.LENGTHFOC.SOCPOSnav	0.06371558683873069
24	3.25907864915252	2.2474369730259443	3.5928997639927864	1.7560544491674475	haken.BOWbound10all.PPMIselection.LENGTHFOC.SOCPOSall	0.11087842282375877
12	3.099104627065532	1.949312998715455	3.2020224333991996	1.8849895983743388	haken.BOWbound3lex.PPMIselection.LENGTH5000.SOCPOSall	0.2067656193808889
20	2.492349745227013	1.6321369018745817	3.107388217144509	1.0585509357831184	haken.BOWbound3lex.PPMIselection.LENGTHFOC.SOCPOSall	0.29709182770400594
24	3.0995616864485784	2.1048788453959246	3.5377207597948788	1.7560544491674475	haken.BOWbound5all.PPMIselection.LENGTHFOC.SOCPOSall	0.15522872018928366
24	3.0253879862063613	2.0781863963581344	3.5196488905583094	2.195236931500254	haken.BOWbound3all.PPMIselection.LENGTHFOC.SOCPOSall	0.17525667202040066
40	3.2549198374823236	2.2661454364329825	3.7003559553829333	1.7798893429571792	haken.LEMMAPATHselection2.PPMIselection.LENGTHFOC.SOCPOSall	0.13011064257587318
16	2.86112543474614	2.098556158783472	3.4103242664081637	1.8188492300848256	haken.LEMMAREL1.PPMIselection.LENGTH5000.SOCPOSnav	0.2001922401834596
