size	max_diss	av_diss	diameter	separation	medoid	avg.width
40	3.3385202930357085	2.274501120958769	3.6529914426649963	1.0546908363770287	haken.BOWbound10lex.PPMIselection.LENGTHFOC.SOCPOSnav	0.0632471111845873
21	2.7518656477477137	1.8335986480196627	3.1217153431212057	1.6320089423056132	haken.LEMMAPATHweight.PPMIweight.LENGTHFOC.SOCPOSall	0.2127570367298411
36	3.1249662494797703	2.1829395749981773	3.6711988503696538	1.063182517726558	haken.LEMMAPATHweight.PPMIselection.LENGTHFOC.SOCPOSall	0.06324862348022275
35	3.2823983762680125	2.33052284220898	3.6967898260227283	1.063182517726558	haken.BOWnobound5all.PPMIselection.LENGTHFOC.SOCPOSall	0.057058312558042563
12	3.112610429652748	1.9556412582868699	3.222668341207021	1.8892056022489525	haken.BOWbound3lex.PPMIselection.LENGTH5000.SOCPOSall	0.2034974854543804
20	2.5123838271069836	1.6435574393145462	3.1022119194205913	1.0546908363770287	haken.BOWbound3lex.PPMIselection.LENGTHFOC.SOCPOSall	0.29414316895096
24	3.0289824679579693	2.079729921239209	3.5205757533424116	2.1972464797954503	haken.BOWbound3all.PPMIselection.LENGTHFOC.SOCPOSall	0.19200315668187395
16	2.8756031170766727	2.1045175261191003	3.4062768930792386	1.8162879317819054	haken.LEMMAREL1.PPMIselection.LENGTH5000.SOCPOSnav	0.1965457121293323
