size	max_diss	av_diss	diameter	separation	medoid	medoid_i
29	2.9906249095420048	1.9293955664311908	3.39408489151846	1.063182517726558	haken.LEMMAPATHweight.PPMIno.LENGTHFOC.SOCPOSnav	1
28	2.34662073423182	1.8150053426176893	2.9292385743253484	1.1725586797640728	haken.LEMMAPATHweight.PPMIweight.LENGTHFOC.SOCPOSall	2
14	2.5536166004877496	1.8009498374108948	3.092854553379083	1.21365080207614	haken.LEMMAREL1.PPMIselection.LENGTH5000.SOCPOSnav	3
37	3.0607472718322963	2.1805436298010057	3.4626175904988243	1.063182517726558	haken.nobound5-5all.PPMIselection.LENGTHFOC.SOCPOSall	4
29	2.972159206481972	2.030120010065058	3.336048771046548	0.828716616937301	haken.bound10-10lex.PPMIselection.LENGTHFOC.SOCPOSnav	5
24	2.60138666136887	1.9196555096513386	3.1366524848209276	2.1936868954869455	haken.bound3-3all.PPMIselection.LENGTHFOC.SOCPOSall	6
25	2.5097622327063083	1.7246255329679039	3.114690297611132	1.0691710418312752	haken.bound3-3lex.PPMIselection.LENGTHFOC.SOCPOSall	7
18	2.367019573167948	1.7799151820355539	2.824835070121774	0.828716616937301	haken.nobound5-5lex.PPMIselection.LENGTH5000.SOCPOSnav	8
