size	max_diss	av_diss	diameter	separation	medoid	avg.width
34	3.334900638872791	2.2786776809474705	3.753904925145315	1.154575695801725	geldig.BOWbound10lex.PPMIselection.LENGTHFOC.SOCPOSall	0.06376408670288197
34	3.368694199213046	2.410971117167702	3.570677991090454	1.9499974164800336	geldig.BOWbound5lex.PPMIweight.LENGTH5000.SOCPOSall	0.10974514636659277
30	2.6985905073014234	1.9681706740683858	3.160292592998268	1.4031000321077638	geldig.BOWbound5all.PPMIweight.LENGTHFOC.SOCPOSall	0.09790382121356365
11	3.4660153801574016	1.8073160238338313	3.8355243784488016	1.8306044627744475	geldig.LEMMAREL1.PPMIselection.LENGTH5000.SOCPOSall	0.16506283296262286
24	2.9325756553550955	1.7632357294247434	3.2787808354266654	1.154575695801725	geldig.BOWnobound3lex.PPMIselection.LENGTHFOC.SOCPOSall	0.2215121832614497
22	3.172119387120915	2.11329840143615	3.552868502973839	1.5589306217329888	geldig.BOWbound3all.PPMIno.LENGTHFOC.SOCPOSall	0.12620894521493817
23	3.520915129202857	1.7292847731154581	4.06486549950296	1.537624266779336	geldig.LEMMAREL1.PPMIselection.LENGTHFOC.SOCPOSall	0.2327638042116062
22	3.084423380416295	2.018632003115428	3.6354297888073175	1.7759606597709612	geldig.LEMMAPATHweight.PPMIno.LENGTHFOC.SOCPOSnav	0.16094228413229172
