size	max_diss	av_diss	diameter	separation	medoid	medoid_i
28	2.824486548539842	1.873934737053159	3.2424654931468333	1.583305893226368	geldig.LEMMAPATH3.PPMIselection.LENGTHFOC.SOCPOSall	1
20	2.4778696717562223	1.425196794812813	3.067294021801693	0.875805869228278	geldig.LEMMAREL1.PPMIselection.LENGTH5000.SOCPOSnav	2
14	2.2623855789877356	1.2203297725128286	2.6712075079216957	1.768841608001995	geldig.LEMMAREL1.PPMIselection.LENGTHFOC.SOCPOSall	3
31	2.6798420609436544	1.8821702145414017	3.2573280249193624	0.8896644019233351	geldig.bound5-5all.PPMIweight.LENGTH5000.SOCPOSall	4
28	2.998712051697739	2.2640719410713825	3.52016731939391	1.043777260616759	geldig.nobound10-10all.PPMIselection.LENGTHFOC.SOCPOSall	5
30	2.9021270465762985	1.9208528413547896	3.3097273093138613	0.875805869228278	geldig.bound5-5lex.PPMIselection.LENGTHFOC.SOCPOSall	6
26	2.8968163057373877	1.9252495305781947	3.3963219999316596	0.7677222496405852	geldig.bound3-3all.PPMIno.LENGTHFOC.SOCPOSall	7
27	2.3648783129632194	1.649735715787746	3.065280599818306	0.7677222496405852	geldig.bound3-3lex.PPMIselection.LENGTHFOC.SOCPOSall	8
