size	max_diss	av_diss	diameter	separation	medoid	medoid_i
25	2.3500133947472257	1.881528128880227	3.2952533795813324	1.1638593302093343	geldig.LEMMAPATHweight.PPMIno.LENGTHFOC.SOCPOSall	1
20	2.4466717086798773	1.7280838870597794	2.8459363170451075	0.7939170016515743	geldig.LEMMAPATH3.PPMIweight.LENGTH5000.SOCPOSall	2
27	2.464297289641003	1.5240434107539702	3.0814362399143036	1.1638593302093343	geldig.LEMMAREL1.PPMIselection.LENGTH5000.SOCPOSnav	3
28	3.1606411413615687	2.2390757272617994	3.4339657713280944	1.5223736001203068	geldig.bound10-10lex.PPMIno.LENGTHFOC.SOCPOSall	4
19	2.5768028411538997	1.9809010521212482	3.1645587415757963	1.0721923503737836	geldig.nobound5-5all.PPMIselection.LENGTH5000.SOCPOSall	5
34	2.4900870886676265	1.8469489326052968	2.9208865559021984	1.315718567915853	geldig.bound5-5lex.PPMIweight.LENGTHFOC.SOCPOSall	6
24	2.554466106626978	1.7726713012373168	3.181678899564207	0.7939170016515743	geldig.bound3-3all.PPMIselection.LENGTHFOC.SOCPOSall	7
27	2.6951962474007893	1.7248994444930366	2.965815755234922	1.0721923503737836	geldig.bound3-3lex.PPMIselection.LENGTH5000.SOCPOSall	8
