size	max_diss	av_diss	diameter	separation	medoid	avg.width
31	2.759774103758193	1.9559952511851437	3.16167680233899	1.6300207858100046	geldig.BOWbound5lex.PPMIweight.LENGTHFOC.SOCPOSall	0.12608034204333404
32	3.376391158487776	2.382532415487351	3.693898876110613	0.8780529929765035	geldig.BOWbound5lex.PPMIweight.LENGTH5000.SOCPOSall	0.1024907741109754
26	3.335726391041993	2.3916158353767205	3.755774675631697	1.7402062796991233	geldig.BOWbound10lex.PPMIno.LENGTHFOC.SOCPOSall	0.09386904482275539
22	2.9323560518614973	1.7207038558514072	3.278221714355701	1.6637579457438694	geldig.BOWnobound3lex.PPMIselection.LENGTHFOC.SOCPOSall	0.23487584567344824
33	3.3603219107344757	2.185953076111919	3.5831596655065674	0.8780529929765035	geldig.BOWnobound3all.PPMIselection.LENGTHFOC.SOCPOSall	0.09035238011163332
21	3.530357014817961	1.6272404158099572	4.06280328010786	1.168239878319014	geldig.LEMMAREL1.PPMIselection.LENGTHFOC.SOCPOSall	0.27189526822563176
25	3.0428418849138237	1.9830131760639624	3.4729614681144576	1.168239878319014	geldig.LEMMAPATHweight.PPMIselection.LENGTHFOC.SOCPOSall	0.1382007293638418
10	3.2026310197371024	1.6459418159312986	3.3019591635809045	1.4720002850531615	geldig.LEMMAREL1.PPMIselection.LENGTH5000.SOCPOSall	0.23765989947542607
