size	max_diss	av_diss	diameter	separation	medoid	avg.width
33	3.4257312796218304	2.3623588957518384	3.8730957349188824	1.8790752690473285	geestig.BOWbound10lex.PPMIselection.LENGTHFOC.SOCPOSall	0.08628435758791868
23	3.4369580521221863	2.547843569470217	4.079863787484801	2.1984242989665486	geestig.BOWbound5lex.PPMIweight.LENGTH5000.SOCPOSall	0.12484646824614576
21	3.537014479092926	2.229937514673866	3.829432361025503	1.0606354439302998	geestig.BOWbound5all.PPMIselection.LENGTHFOC.SOCPOSall	0.0575476097206255
39	3.7914021423900826	2.597319044140278	4.376289261238144	1.888646355894726	geestig.LEMMAREL1.PPMIselection.LENGTH5000.SOCPOSnav	0.03061485841129506
20	2.5023062483094933	1.7141364855629704	3.2006385412189027	1.0606354439302998	geestig.BOWbound5lex.PPMIselection.LENGTHFOC.SOCPOSall	0.25291724449926206
20	2.329058365694288	1.5538410235524966	3.0925571952382187	1.1020758719372445	geestig.BOWbound3lex.PPMIselection.LENGTHFOC.SOCPOSall	0.30366243809481347
18	3.2620907160341175	1.903150227684536	3.5988919263764267	1.1020758719372445	geestig.BOWbound3all.PPMIselection.LENGTHFOC.SOCPOSall	0.14771662873173685
26	3.2669377296736295	2.0877521510015926	3.7678154534148747	1.9360575713117636	geestig.LEMMAPATHweight.PPMIselection.LENGTHFOC.SOCPOSall	0.1954911590441165
