size	max_diss	av_diss	diameter	separation	medoid	medoid_i
33	3.016272933969304	2.0777003649301737	3.598305536649343	1.0243168439262544	geestig.LEMMAPATHweight.PPMIselection.LENGTHFOC.SOCPOSall	1
27	2.7363198433764326	1.7989464586572028	3.354309761099084	1.0243168439262544	geestig.LEMMAREL1.PPMIselection.LENGTH5000.SOCPOSnav	2
16	3.000887069973443	2.316288010848581	3.610101532815459	1.9584224518291344	geestig.nobound10-10all.PPMIno.LENGTHFOC.SOCPOSnav	3
26	3.102477953999608	2.1412899134808687	3.644168021994629	1.061181866549063	geestig.bound5-5all.PPMIselection.LENGTHFOC.SOCPOSall	4
31	2.8435092874075942	2.106885009282577	3.485624672721085	0.8092914770058617	geestig.bound10-10lex.PPMIweight.LENGTH5000.SOCPOSnav	5
22	2.819714935133811	1.9004362945923687	3.439350254656068	1.1029069077269231	geestig.bound3-3all.PPMIselection.LENGTHFOC.SOCPOSall	6
26	2.4559102373289416	1.689585172871792	3.2609719521222393	1.1029069077269231	geestig.bound3-3lex.PPMIselection.LENGTHFOC.SOCPOSall	7
23	2.6575078724637566	1.783749999574842	3.360798099741692	0.8092914770058617	geestig.bound5-5lex.PPMIselection.LENGTHFOC.SOCPOSall	8
