size	max_diss	av_diss	diameter	separation	medoid	avg.width
33	3.425225907807796	2.3620052078331053	3.8730957349188824	1.8787107242052692	geestig.BOWbound10lex.PPMIselection.LENGTHFOC.SOCPOSall	0.08625365874434344
23	3.436817848943988	2.5475561783053986	4.079863787484801	2.198808893594088	geestig.BOWbound5lex.PPMIweight.LENGTH5000.SOCPOSall	0.12488722597201385
21	3.537014479092926	2.2299570744385826	3.829432361025503	1.0606354439302998	geestig.BOWbound5all.PPMIselection.LENGTHFOC.SOCPOSall	0.05752264599815312
41	3.7862306804773227	2.6145999567495064	4.393364237798957	1.0252461057411677	geestig.LEMMAREL1.PPMIselection.LENGTH5000.SOCPOSnav	0.021444989790804156
20	2.500234334195161	1.7133011860446508	3.2005386369848106	1.0606354439302998	geestig.BOWbound5lex.PPMIselection.LENGTHFOC.SOCPOSall	0.25284664829713915
20	2.327413293858823	1.554308468033187	3.0928365684556485	1.1037844032449096	geestig.BOWbound3lex.PPMIselection.LENGTHFOC.SOCPOSall	0.30359124980604435
18	3.2624659086107317	1.9031313485497172	3.598855544813688	1.1037844032449096	geestig.BOWbound3all.PPMIselection.LENGTHFOC.SOCPOSall	0.14757345312498119
24	3.1508401380548485	2.045695612544175	3.7675407863107293	1.0252461057411677	geestig.LEMMAPATHweight.PPMIselection.LENGTHFOC.SOCPOSall	0.2211035609387398
